Workbook
Name MonthToDisplay: 'Sunset Galleria'!$C$1
Name YearToDisplay: 'Marina Del Rey'!$B$1
Name DayToStart: Winery!$E$1
Name DayToStart: 'Blank Calendar'!$E$1
Name MonthToDisplay: 'Blank Calendar'!$C$1
Name DayToStart: Burbank!$E$1
Name MonthToDisplay: 'Marina Del Rey'!$C$1
Name MonthToDisplay: Torrance!$C$1
Name YearToDisplay: 'NoHo West'!$B$1
Name DayToStart: 'So Co'!$E$1
Name YearToDisplay: Azusa!$B$1
Name DayToStart: 'Mission Hills'!$E$1
Name YearToDisplay: 'Moreno Valley'!$B$1
Name YearToDisplay: 'Blank Calendar'!$B$1
Name DayToStart: 'La Verne'!$E$1
Name DayToStart: Torrance!$E$1
Name MonthToDisplay: Lakewood!$C$1
Name MonthToDisplay: #REF!
Name DayToStart: Valencia!$E$1
Name YearToDisplay: 'Woodland Hills'!$B$1
Name YearToDisplay: 'Porter Ranch'!$B$1
Name DayToStart: 'Marina Del Rey'!$E$1
Name MonthToDisplay: Winery!$C$1
Name MonthToDisplay: 'Porter Ranch'!$C$1
Name DayToStart: 'Moreno Valley'!$E$1
Name DayToStart: 'NoHo West'!$E$1
Name YearToDisplay: 'Van Nuys'!$B$1
Name DayToStart: Rialto!$E$1
Name DayToStart: Northridge!$E$1
Name YearToDisplay: Redlands!$B$1
Name YearToDisplay: Lakewood!$B$1
Name YearToDisplay: Valencia!$B$1
Name DayToStart: Lakewood!$E$1
Name YearToDisplay: 'So Co'!$B$1
Name MonthToDisplay: 'La Verne'!$C$1
Name YearToDisplay: #REF!
Name MonthToDisplay: Azusa!$C$1
Name MonthToDisplay: 'Van Nuys'!$C$1
Name MonthToDisplay: Rialto!$C$1
Name DayToStart: 'Woodland Hills'!$E$1
Name DayToStart: 'Van Nuys'!$E$1
Name DayToStart: 'Monterey Park'!$E$1
Name DayToStart: Azusa!$E$1
Name YearToDisplay: Rialto!$B$1
Name YearToDisplay: 'Sunset Galleria'!$B$1
Name MonthToDisplay: Redlands!$C$1
Name DayToStart: Eastvale!$E$1
Name MonthToDisplay: 'Moreno Valley'!$C$1
Name YearToDisplay: Northridge!$B$1
Name YearToDisplay: 'Monterey Park'!$B$1
Name DayToStart: Redlands!$E$1
Name YearToDisplay: 'La Verne'!$B$1
Name MonthToDisplay: 'NoHo West'!$C$1
Name DayToStart: 'Sunset Galleria'!$E$1
Name MonthToDisplay: 'Monterey Park'!$C$1
Name MonthToDisplay: Northridge!$C$1
Name MonthToDisplay: 'Woodland Hills'!$C$1
Name YearToDisplay: 'West Covina'!$B$1
Name YearToDisplay: Winery!$B$1
Name MonthToDisplay: 'Mission Hills'!$C$1

Sheet ScheduleLookup
A1: Name | B1: Location | C1: Date
A2: Doug | B2: Azusa | C2: 46174
A3: Lundin | B3: Azusa | C3: 46174
A4: Mortenson | B4: Burbank | C4: 46174
A5: Yesenia | B5: Burbank | C5: 46174
A6: Kendia | B6: Eastvale | C6: 46174
A7: Vich | B7: Eastvale | C7: 46174
A8: Gee | B8: La Verne | C8: 46174
A9: Melinda | B9: La Verne | C9: 46174
A10: Katyln | B10: Lakewood | C10: 46174
A11: Ontiveros | B11: Lakewood | C11: 46174
A12: Calin | B12: Marina Del Rey | C12: 46174
A13: Mazhar | B13: Marina Del Rey | C13: 46174
... A3772: Laura | B3772: Woodland Hills | C3772: 46264

Sheet CovSummary
A1: Coverage Summary
A2: Yellow-highlighted schedule cells only.
A4: Name | B4: Location | C4: Date
A5: Kalapp | B5: NoHo West | C5: 46174
A6: Karen | B6: Rialto | C6: 46174
A7: Madi | B7: Rialto | C7: 46174
A8: Dr. Lam | B8: So Co | C8: 46174
A9: Muzsnai | B9: Valencia | C9: 46174
A10: Brian | B10: Eastvale | C10: 46175
A11: Dr. Peng | B11: NoHo West | C11: 46175
A12: Lehnberg | B12: Torrance | C12: 46175
A13: Lorraine | B13: Monterey Park | C13: 46176
A14: Kalapp | B14: NoHo West | C14: 46176
A15: June | B15: Sunset Galleria | C15: 46176
A16: Lehnberg | B16: Torrance | C16: 46176
... A130: Dalton | B130: Van Nuys | C130: 46264

Sheet OverSched
A1: Over-Scheduled List
A2: Flags 6-day Monday-Sunday violations and same-day multi-location scheduling conflicts.
A4: Issue Type | B4: Name | C4: Date or Week Start Date | D4: Week End Date | E4: Count | F4: Scheduled Dates | G4: Locations Involved | H4: Issue / Warning
A5: 6-Day Rule | B5: Bergstrom | C5: 46174 | D5: 46180 | E5: 6 | F5: 2026-06-02, 2026-06-03, 2026-06-04, 2026-06-05, 2026-06-06, 2026-06-07 | G5: La Verne | H5: Scheduled 6 days in a row within the same Monday-Sunday week.
A6: Same-Day Conflict | B6: Muzsnai | C6: 46175 | D6: 46175 | E6: 2 | F6: 46175 | G6: Mission Hills, Porter Ranch | H6: Double scheduled on the same date across multiple locations.
A7: Same-Day Conflict | B7: Dania | C7: 46176 | D7: 46176 | E7: 2 | F7: 46176 | G7: Mission Hills, Woodland Hills | H7: Double scheduled on the same date across multiple locations.
A8: Same-Day Conflict | B8: Lorraine | C8: 46178 | D8: 46178 | E8: 2 | F8: 46178 | G8: Monterey Park, Sunset Galleria | H8: Double scheduled on the same date across multiple locations.
A9: Same-Day Conflict | B9: Dalton | C9: 46180 | D9: 46180 | E9: 2 | F9: 46180 | G9: Northridge, Porter Ranch | H9: Double scheduled on the same date across multiple locations.
A10: Same-Day Conflict | B10: Melissa | C10: 46180 | D10: 46180 | E10: 2 | F10: 46180 | G10: Northridge, Porter Ranch | H10: Double scheduled on the same date across multiple locations.
A11: 6-Day Rule | B11: Madi | C11: 46181 | D11: 46187 | E11: 6 | F11: 2026-06-09, 2026-06-10, 2026-06-11, 2026-06-12, 2026-06-13, 2026-06-14 | G11: Redlands, Rialto, Winery | H11: Scheduled 6 days in a row within the same Monday-Sunday week.
A12: Same-Day Conflict | B12: Laura | C12: 46184 | D12: 46184 | E12: 2 | F12: 46184 | G12: Mission Hills, Van Nuys | H12: Double scheduled on the same date across multiple locations.
A13: Same-Day Conflict | B13: Peng | C13: 46186 | D13: 46186 | E13: 2 | F13: 46186 | G13: Rialto, Winery | H13: Double scheduled on the same date across multiple locations.
A14: Same-Day Conflict | B14: Laura | C14: 46190 | D14: 46190 | E14: 2 | F14: 46190 | G14: Mission Hills, Northridge | H14: Double scheduled on the same date across multiple locations.
A15: Same-Day Conflict | B15: Laura | C15: 46191 | D15: 46191 | E15: 2 | F15: 46191 | G15: Mission Hills, Van Nuys | H15: Double scheduled on the same date across multiple locations.
A16: Same-Day Conflict | B16: Karen | C16: 46192 | D16: 46192 | E16: 2 | F16: 46192 | G16: Torrance, West Covina | H16: Double scheduled on the same date across multiple locations.
A17: Same-Day Conflict | B17: Laura | C17: 46198 | D17: 46198 | E17: 2 | F17: 46198 | G17: Mission Hills, Van Nuys | H17: Double scheduled on the same date across multiple locations.
A18: Same-Day Conflict | B18: Carrillo | C18: 2026-08-12 | D18: 2026-08-12 | E18: 2 | F18: 2026-08-12 | G18: Northridge, Woodland Hills | H18: Double scheduled on the same date across multiple locations.
A19: Same-Day Conflict | B19: Carrillo | C19: 2026-08-13 | D19: 2026-08-13 | E19: 2 | F19: 2026-08-13 | G19: Northridge, Woodland Hills | H19: Double scheduled on the same date across multiple locations.
A20: Same-Day Conflict | B20: Claudia | C20: 2026-08-15 | D20: 2026-08-15 | E20: 2 | F20: 2026-08-15 | G20: Moreno Valley, So Co | H20: Double scheduled on the same date across multiple locations.
A21: Same-Day Conflict | B21: Juan | C21: 2026-08-18 | D21: 2026-08-18 | E21: 2 | F21: 2026-08-18 | G21: Azusa, La Verne | H21: Double scheduled on the same date across multiple locations.
A22: Same-Day Conflict | B22: Claudia | C22: 2026-08-22 | D22: 2026-08-22 | E22: 2 | F22: 2026-08-22 | G22: Moreno Valley, So Co | H22: Double scheduled on the same date across multiple locations.
A23: Same-Day Conflict | B23: Juan | C23: 2026-08-25 | D23: 2026-08-25 | E23: 2 | F23: 2026-08-25 | G23: Azusa, La Verne | H23: Double scheduled on the same date across multiple locations.
A24: Same-Day Conflict | B24: Claudia | C24: 2026-08-29 | D24: 2026-08-29 | E24: 2 | F24: 2026-08-29 | G24: Moreno Valley, So Co | H24: Double scheduled on the same date across multiple locations.
A25: Same-Day Conflict | B25: Dalton | C25: 2026-08-30 | D25: 2026-08-30 | E25: 2 | F25: 2026-08-30 | G25: Northridge, Van Nuys | H25: Double scheduled on the same date across multiple locations.

Sheet HrsSummary
A1: Hours Summary
A2: Estimated only. Weekday=8 hours, weekend=6.5 hours. Two-week anchor: 2026-06-01.
A4: Name | B4: 2-Week Period Start | C4: 2-Week Period End | D4: Weekday Scheduled Days | E4: Weekend Scheduled Days | F4: Total Scheduled Days | G4: Estimated Hours | H4: Locations Scheduled
A5: Adriana | B5: 46174 | C5: 46187 | D5: 3 | E5: 1 | F5: 4 | G5: 30.5 | H5: Mission Hills
A6: Adriana | B6: 46188 | C6: 46201 | D6: 6 | E6: 2 | F6: 8 | G6: 61 | H6: Mission Hills
A7: Adriana | B7: 46202 | C7: 46215 | D7: 5 | E7: 1 | F7: 6 | G7: 46.5 | H7: Mission Hills
A8: Adriana | B8: 46216 | C8: 46229 | D8: 6 | E8: 2 | F8: 8 | G8: 61 | H8: Mission Hills
A9: Adriana | B9: 46230 | C9: 46243 | D9: 6 | E9: 2 | F9: 8 | G9: 61 | H9: Mission Hills
A10: Adriana | B10: 46244 | C10: 46257 | D10: 6 | E10: 2 | F10: 8 | G10: 61 | H10: Mission Hills
A11: Adriana | B11: 46258 | C11: 46271 | D11: 3 | E11: 1 | F11: 4 | G11: 30.5 | H11: Mission Hills
A12: Andres | B12: 46202 | C12: 46215 | D12: 3 | E12: 0 | F12: 3 | G12: 24 | H12: So Co
A13: Andres | B13: 46216 | C13: 46229 | D13: 6 | E13: 0 | F13: 6 | G13: 48 | H13: So Co
A14: Andres | B14: 46230 | C14: 46243 | D14: 6 | E14: 0 | F14: 6 | G14: 48 | H14: So Co
A15: Andres | B15: 46244 | C15: 46257 | D15: 6 | E15: 0 | F15: 6 | G15: 48 | H15: So Co
A16: Andres | B16: 46258 | C16: 46271 | D16: 4 | E16: 0 | F16: 4 | G16: 32 | H16: So Co
... A670: Yesenia | B670: 46258 | C670: 46271 | D670: 6 | E670: 0 | F670: 6 | G670: 48 | H670: Burbank

Sheet CoverageNeeded
A1: Coverage Type | B1: Location | C1: Date | D1: Potential Candidates | E1: Potential Candidates
A2: WC | B2: Mission Hills | C2: 46175 | D2: Angela, Claudia, Crystal, Dania, Estrella, Fio, Jodryn, Jordyn, Juan, June, Karen, Kendia, Lauren, Leigha, Lidia, Lorraine Bauleth Yesenia, Marissa, Matthew, Melia, Melissa, Rebecca, Steve | E2: Angela, Claudia, Crystal, Dania, Estrella, Fio, Jodryn, Jordyn, Juan, June, Karen, Kendia, Lauren, Leigha, Lidia, Lorraine Bauleth Yesenia, Marissa, Matthew, Melia, Melissa, Rebecca, Steve
A3: DC | B3: Torrance | C3: 46177 | D3: Carhtron, Carlson, Chapman, Cole, Danny, Dewitt, Dr. Bezzic, Dr. K, Dr. Lam, Dr. Malinarich, Dr.K, Fantasia, Garatti, Keenan, Kemper, Kim, Lam, Lehnberg, Ludin, Lundin, Ly, Malinarch, Minassian, Musznai, Musznia, Sal, Salehi, Tolbirt, Wafers, Win | E3: Carhtron, Carlson, Chapman, Cole, Danny, Dewitt, Dr. Bezzic, Dr. K, Dr. Lam, Dr. Malinarich, Dr.K, Fantasia, Garatti, Keenan, Kemper, Kim, Lam, Lehnberg, Ludin, Lundin, Ly, Malinarch, Minassian, Musznai, Musznia, Sal, Salehi, Tolbirt, Wafers, Win
A4: DC | B4: Sunset Galleria | C4: 46178 | D4: Bystrom, Carhtron, Carrillo, Carthron, Chapman, Cole, Cortez, Dalton, Danny, Dewitt, Dr. Bezzic, Dr. K, Dr. Lam, Dr. Malinarich, Dr.K, Fantasia, Gee, Kemper, Kim, Lehnberg, Ludin, Ly, Malinarch, Mortenson, Musznai, Musznia, Muzsnai, Ontiveros, Peng, Salehi, Tulloss, Win | E4: Bystrom, Carhtron, Carrillo, Carthron, Chapman, Cole, Cortez, Dalton, Danny, Dewitt, Dr. Bezzic, Dr. K, Dr. Lam, Dr. Malinarich, Dr.K, Fantasia, Gee, Kemper, Kim, Lehnberg, Ludin, Ly, Malinarch, Mortenson, Musznai, Musznia, Muzsnai, Ontiveros, Peng, Salehi, Tulloss, Win
A5: DC | B5: Torrance | C5: 46178 | D5: Bystrom, Carhtron, Carrillo, Carthron, Chapman, Cole, Cortez, Dalton, Danny, Dewitt, Dr. Bezzic, Dr. K, Dr. Lam, Dr. Malinarich, Dr.K, Fantasia, Gee, Kemper, Kim, Lehnberg, Ludin, Ly, Malinarch, Mortenson, Musznai, Musznia, Muzsnai, Ontiveros, Peng, Salehi, Tulloss, Win | E5: Bystrom, Carhtron, Carrillo, Carthron, Chapman, Cole, Cortez, Dalton, Danny, Dewitt, Dr. Bezzic, Dr. K, Dr. Lam, Dr. Malinarich, Dr.K, Fantasia, Gee, Kemper, Kim, Lehnberg, Ludin, Ly, Malinarch, Mortenson, Musznai, Musznia, Muzsnai, Ontiveros, Peng, Salehi, Tulloss, Win
A6: DC | B6: NoHo West | C6: 46179 | D6: Bystrom, Carhtron, Carlson, Carrillo, Chang, Chapman, Cole, Cortez, Dalton, Danny, Dewitt, Dr. Bezzic, Dr. K, Dr. Lam, Dr. Malinarich, Dr.K, Fantasia, Kemper, Kim, Lehnberg, Ludin, Lundin, Malinarch, Mortenson, Musznai, Musznia, Muzsnai, Ontiveros, Salehi, Tulloss, Win | E6: Bystrom, Carhtron, Carlson, Carrillo, Chang, Chapman, Cole, Cortez, Dalton, Danny, Dewitt, Dr. Bezzic, Dr. K, Dr. Lam, Dr. Malinarich, Dr.K, Fantasia, Kemper, Kim, Lehnberg, Ludin, Lundin, Malinarch, Mortenson, Musznai, Musznia, Muzsnai, Ontiveros, Salehi, Tulloss, Win
A7: DC | B7: Sunset Galleria | C7: 46179 | D7: Bystrom, Carhtron, Carlson, Carrillo, Chang, Chapman, Cole, Cortez, Dalton, Danny, Dewitt, Dr. Bezzic, Dr. K, Dr. Lam, Dr. Malinarich, Dr.K, Fantasia, Kemper, Kim, Lehnberg, Ludin, Lundin, Malinarch, Mortenson, Musznai, Musznia, Muzsnai, Ontiveros, Salehi, Tulloss, Win | E7: Bystrom, Carhtron, Carlson, Carrillo, Chang, Chapman, Cole, Cortez, Dalton, Danny, Dewitt, Dr. Bezzic, Dr. K, Dr. Lam, Dr. Malinarich, Dr.K, Fantasia, Kemper, Kim, Lehnberg, Ludin, Lundin, Malinarch, Mortenson, Musznai, Musznia, Muzsnai, Ontiveros, Salehi, Tulloss, Win
A8: DC | B8: Van Nuys | C8: 46179 | D8: Bystrom, Carhtron, Carlson, Carrillo, Chang, Chapman, Cole, Cortez, Dalton, Danny, Dewitt, Dr. Bezzic, Dr. K, Dr. Lam, Dr. Malinarich, Dr.K, Fantasia, Kemper, Kim, Lehnberg, Ludin, Lundin, Malinarch, Mortenson, Musznai, Musznia, Muzsnai, Ontiveros, Salehi, Tulloss, Win | E8: Bystrom, Carhtron, Carlson, Carrillo, Chang, Chapman, Cole, Cortez, Dalton, Danny, Dewitt, Dr. Bezzic, Dr. K, Dr. Lam, Dr. Malinarich, Dr.K, Fantasia, Kemper, Kim, Lehnberg, Ludin, Lundin, Malinarch, Mortenson, Musznai, Musznia, Muzsnai, Ontiveros, Salehi, Tulloss, Win
A9: DC | B9: NoHo West | C9: 46186 | D9: Bystrom, Carhtron, Carlson, Chang, Chapman, Cole, Cortez, Dalton, Danny, Delector, Dr. Bezzic, Dr. K, Dr. Lam, Dr. Malinarich, Dr.K, Fantasia, Kalapp, Kemper, Lehnberg, Ludin, Lundin, Malinarch, Mortenson, Moursalian, Musznai, Musznia, Muzsnai, Ontiveros, Salehi, Tulloss, Win | E9: Bystrom, Carhtron, Carlson, Chang, Chapman, Cole, Cortez, Dalton, Danny, Delector, Dr. Bezzic, Dr. K, Dr. Lam, Dr. Malinarich, Dr.K, Fantasia, Kalapp, Kemper, Lehnberg, Ludin, Lundin, Malinarch, Mortenson, Moursalian, Musznai, Musznia, Muzsnai, Ontiveros, Peng, Salehi, Tulloss, Win
A10: WC | B10: So Co | C10: 46186 | D10: Ariana, Bobbi, Brian, Crystal, Estrella, Genesis, Jordyn, Juan, Kathy, Katyln, Lorraine Bauleth Yesenia, Lucia, Matthew, Mel, Melia, Rebecca, Steve, Steven | E10: Ariana, Bobbi, Brian, Crystal, Estrella, Genesis, Jordyn, Juan, Kathy, Katyln, Laura, Lorraine Bauleth Yesenia, Lucia, Matthew, Mel, Melia, Rebecca, Steve, Steven
A11: DC | B11: Sunset Galleria | C11: 46186 | D11: Bystrom, Carhtron, Carlson, Chang, Chapman, Cole, Cortez, Dalton, Danny, Delector, Dr. Bezzic, Dr. K, Dr. Lam, Dr. Malinarich, Dr.K, Fantasia, Kalapp, Kemper, Lehnberg, Ludin, Lundin, Malinarch, Mortenson, Moursalian, Musznai, Musznia, Muzsnai, Ontiveros, Salehi, Tulloss, Win | E11: Bystrom, Carhtron, Carlson, Chang, Chapman, Cole, Cortez, Dalton, Danny, Delector, Dr. Bezzic, Dr. K, Dr. Lam, Dr. Malinarich, Dr.K, Fantasia, Kalapp, Kemper, Lehnberg, Ludin, Lundin, Malinarch, Mortenson, Moursalian, Musznai, Musznia, Muzsnai, Ontiveros, Peng, Salehi, Tulloss, Win
A12: WC | B12: Winery | C12: 46187 | D12: Ariana, Ashley, Bobbi, Brian, Calin, Chantel, Crystal, Dania, Doug, Estrella, Genesis, Jaidyn, Jodryn, Jordyn, Juan, June, Karen, Kathy, Katyln, Leigha, Lorraine, Lorraine Bauleth Yesenia, Lucia, Marissa, Matthew, Mel, Melia, Melissa, Rebeca, Rebecca, Steve, Steven, Yesenia | E12: Ariana, Ashley, Bobbi, Brian, Calin, Chantel, Crystal, Dania, Doug, Estrella, Genesis, Jaidyn, Jodryn, Jordyn, Juan, June, Karen, Kathy, Katyln, Leigha, Lorraine, Lorraine Bauleth Yesenia, Lucia, Marissa, Matthew, Mel, Melia, Melissa, Rebeca, Rebecca, Steve, Steven, Yesenia
A13: DC | B13: NoHo West | C13: 46193 | D13: Bystrom, Carhtron, Carlson, Chang, Cole, Cortez, Dalton, Danny, Delector, Dr. Bezzic, Dr. K, Dr. Lam, Dr. Malinarich, Dr.K, Fantasia, Kemper, Lam, Lehnberg, Ludin, Lundin, Malinarch, Mortenson, Musznai, Musznia, Muzsnai, Ontiveros, Sal, Salehi, Tolbirt, Tulloss, Win | E13: Bystrom, Carhtron, Carlson, Chang, Cole, Cortez, Dalton, Danny, Delector, Dr. Bezzic, Dr. K, Dr. Lam, Dr. Malinarich, Dr.K, Fantasia, Kemper, Lam, Lehnberg, Ludin, Lundin, Malinarch, Mortenson, Musznai, Musznia, Muzsnai, Ontiveros, Sal, Salehi, Tolbirt, Tulloss, Win
... A109: WC | B109: Burbank | C109: 46264 | D109: Sunday | E109: Angela, Brian, Claudia, Dania, Doug, Estrella, Fio, Jodryn, Jordyn, Karen, Lauren, Leigha, Lidia, Lorraine, Lorraine Bauleth Yesenia, Marissa, Matthew, Melia, Rebeca, Steve, Steven, Yesenia

Sheet Blank Calendar
B1: =YEAR(TODAY()) -> 2026 | C1: JULY | E1: MONDAY
B2: CALENDAR YEAR | C2: CALENDAR MONTH | E2: FIRST DAY OF WEEK
B3: {=TEXT(B4,"dddd")} -> Monday | C3: =TEXT(C4,"dddd") -> Tuesday | D3: =TEXT(D4,"dddd") -> Wednesday | E3: =TEXT(E4,"dddd") -> Thursday | F3: =TEXT(F4,"dddd") -> Friday | G3: =TEXT(G4,"dddd") -> Saturday | H3: =TEXT(H4,"dddd") -> Sunday
B4: {=DATE($B$1,MATCH(UPPER($C$1),{"JANUARY","FEBRUARY","MARCH","APRIL","MAY","JUNE","JULY","AUGUST","SEPTEMBER","OCTOBER","NOVEMBER","DECEMBER"},0),1)-MOD(WEEKDAY(DATE($B$1,MATCH(UPPER($C$1),{"JANUARY","FEBRUARY","MARCH","APRIL","MAY","JUNE","JULY","AUGUST","SEPTEMBER","OCTOBER","NOVEMBER","DECEMBER"},0),1),2)-MATCH(UPPER($E$1),{"MONDAY","TUESDAY","WEDNESDAY","THURSDAY","FRIDAY","SATURDAY","SUNDAY"},0),7)} -> 46202 | C4: =B4+1 -> 46203 | D4: =C4+1 -> 46204 | E4: =D4+1 -> 46205 | F4: =E4+1 -> 46206 | G4: =F4+1 -> 46207 | H4: =G4+1 -> 46208
A5: Doctor/DC
A6: WC/SWC
B7: =B4+7 -> 46209 | C7: =C4+7 -> 46210 | D7: =D4+7 -> 46211 | E7: =E4+7 -> 46212 | F7: =F4+7 -> 46213 | G7: =G4+7 -> 46214 | H7: =H4+7 -> 46215
A8: Doctor/DC
A9: WC/SWC
B10: {=B7+7} -> 46216 | C10: =C7+7 -> 46217 | D10: =D7+7 -> 46218 | E10: =E7+7 -> 46219 | F10: =F7+7 -> 46220 | G10: =G7+7 -> 46221 | H10: =H7+7 -> 46222
A11: Doctor/DC
A12: WC/SWC
B13: =B10+7 -> 46223 | C13: =C10+7 -> 46224 | D13: =D10+7 -> 46225 | E13: =E10+7 -> 46226 | F13: =F10+7 -> 46227 | G13: =G10+7 -> 46228 | H13: =H10+7 -> 46229
A14: Doctor/DC
A15: WC/SWC
B16: =B13+7 -> 46230 | C16: =C13+7 -> 46231 | D16: =D13+7 -> 46232 | E16: =E13+7 -> 46233 | F16: =F13+7 -> 46234 | G16: =G13+7 -> 46235 | H16: =H13+7 -> 46236
A17: Doctor/DC
A18: WC/SWC
B19: =B16+7 -> 46237 | C19: =C16+7 -> 46238 | D19: =D16+7 -> 46239 | E19: =E16+7 -> 46240 | F19: =F16+7 -> 46241 | G19: =G16+7 -> 46242 | H19: =H16+7 -> 46243
A20: Doctor/DC
A21: WC/SWC

Sheet PTO Requests
A1: Name | B1: Dates | C1: Clinic(s) | D1: Covered/by who/what dates?
A2: Dr. Ivan Malinarich | B2: 6/19-6/21 | C2: Woodland Hills | D2: Y Dr. Alyssa will cover
A3: Dr. Adam DeWitt | B3: 46173 | C3: Torrance | D3: Y
A4: Lauren Walker | B4: 5/18-5/21 | C4: Lakewood | D4: Y
A5: Dr. Michael Kemper | B5: 46166 | C5: Torrance | D5: N
A6: Dr Cole | B6: 5/26-6/4 | C6: NoHo | D6: N
A7: Kori Mortenson, DC | B7: 46201 | C7: Burbank | D7: Y Dr Carlson
A8: Dr. Seog Woo Kim | B8: 5/25, 6/4,6/5 | C8: Sunset | D8: N
A9: Ariana Aguero | B9: 5/21-5/25 | C9: Torrance | D9: 5/21 N, 5/22 Y, 5/25 N
A10: Ariana Aguero | B10: 46183 | C10: Torrance | D10: ?
A11: Genesis Bustos | B11: 5/15, 5/16, 6/5 | C11: Winery | D11: Y 5/15, N 5/16, Y 6/5
A12: Dr. Khodayar Khatiblou* | B12: 6/5, 6/6 | C12: South Corona | D12: N
A13: Estrella Ramirez* | B13: 5/20, 5/27, 5/29, 6/1 | C13: Eastvale | D13: ?
A14: Dr. Jack Bergstrom | B14: 46165 | C14: La Verne | D14: Y
A15: Dr. Danny Duong* | B15: 6/13,6/14,6/20,6/21 | C15: Redlands | D15: N
A16: Kendia Cruz | B16: 6/7, 6/8 | C16: Eastvale | D16: 6/7, 6/8
A17: Marissa Bustos* | B17: 46158 | C17: Rialto | D17: Y
A18: Dr. Anthony Moursalian* | B18: 5/16, 6/26, 6/27,6/30,7/3,7/28 | C18: Rialto | D18: Y 5/16
A19: Dr. Anthony Moursalian | B19: 5/20 (off after 2), 6/13 (off after 130), 7/18 (off after 130) | C19: Rialto | D19: 5/20 covered
A20: Calin Herrera | B20: 46225 | C20: Marina Del Rey | D20: Y, June Moscov
A21: Dania Al-Dhaif | B21: 7/1-7/6 | C21: Woodland Hills | D21: Fio covering July 1st and 2nd, requested on Worklio!
A22: June Black Out Days: Friday 6/5 Saturday 6/13 Saturday 6/20 as of 5.11.26
A25: Dr. Bystrom | B25: 6/30-7/8 | D25: N
A26: Ariana Aguero | B26: 7/2-7/3 & 7/6 | C26: Torrance
A27: Dr. Andrew Lam | B27: 6/4 and 6/16 | C27: Soco, Winery
A28: Melanie Mojarro | B28: 46186 | C28: Soco
A29: Dr. Delector* | B29: 06/11-07/5 | C29: The Redlands | D29: Already Planned Tickets bought
A30: Dr. Adam DeWitt | B30: 6/1-6/8 | C30: Torrance | D30: Submitted via email 04/28
A31: Jaidyn Batchelor | B31: 46187 | C31: Winery Estates | D31: Y ( Approved 05/20/206 )
A32: Dr. Alyssa Carrillo | B32: 7/8-7/9 | C32: Woodland Hills | D32: Couldn't get this to submit on Worklio, Needs Coverage
A33: Dania Al-Dhaif | B33: 46169 | C33: Woodland Hills | D33: Fio Covering
A34: Yesenia Luna | B34: 7/1-7/6 | C34: Burbank | D34: Asked Laura Barr to help cover and she will get back to me on the dates
A35: Dr. Kalapp | B35: 6/11-6/13 | C35: Northridge | D35: coverage found
A36: Dr. Kalapp | B36: 6/25-6/27 | C36: Northridge | D36: coverage found
A37: Crystal Volanos | B37: 46175 | C37: West Covina | D37: Sumbitted via worklion need coverage
A38: Dr. Win | B38: 46159 | C38: Eastvale | D38: Had requested Sunday off previously with Damon
A39: Dr. Khodayar Khatiblou | B39: 10/9, 10/10 | C39: South Corona
A40: Steven Picazo WC | B40: 06/13-06/14 | C40: Redlands
A41: Dr. Aleta Bezzic, SDC | B41: 5/30-6/16 | C41: Menifee | D41: Steve has already arranged coverage (was requested several months ago already)
A42: Carthtron | B42: 46291 | C42: Redlands
A43: June | B43: 46266 | C43: Sunset Galleria
A44: Chantel | B44: 8/10/26-8/11/26 | C44: Redlands
A45: Chantel | B45: 8/5/26-8/7/26 | C45: Redlands
A46: Melanie Mojarro | B46: 7/25 & 7/27 | C46: Corona South
A47: Dr. Barbara Returns | B47: 46209 | C47: Corona South
A48: Dr. Alene Wafers | B48: 6/26-6/27 | C48: Mission Hills | D48: Submitted via worklio. Need coverage.
A49: Lucia Lopez | B49: 46209 | C49: Noho West | D49: Submitted via worklio May 19, 2026 at 11:19 AM PDT
A50: Kathy Bellucci | B50: 46185 | C50: Northridge | D50: covered
A51: Mike Kemper | B51: 46229 | C51: Torrance | D51: Sunday Day request off
A52: Kori Mortenson | B52: 46198 | C52: Burbank
A53: Dr. Angelica Garatti | B53: 46206 | C53: Eastvale
A54: Dr. Alene Wafers | B54: 46258 | C54: Mission Hills | D54: Submitted via worklio. Need coverage.

Sheet La Verne
B1: =YEAR(TODAY()) -> 2026 | C1: JUNE | E1: MONDAY | F1: La Verne | G1: Lockbox Code: | H1: SWC: Brian SDC: Dr. Bezzic | I1: x
B2: CALENDAR YEAR | C2: CALENDAR MONTH | E2: FIRST DAY OF WEEK
B3: {=TEXT(B4,"dddd")} -> Monday | C3: =TEXT(C4,"dddd") -> Tuesday | D3: =TEXT(D4,"dddd") -> Wednesday | E3: =TEXT(E4,"dddd") -> Thursday | F3: =TEXT(F4,"dddd") -> Friday | G3: =TEXT(G4,"dddd") -> Saturday | H3: =TEXT(H4,"dddd") -> Sunday
B4: {=DATE($B$1,MATCH(UPPER($C$1),{"JANUARY","FEBRUARY","MARCH","APRIL","MAY","JUNE","JULY","AUGUST","SEPTEMBER","OCTOBER","NOVEMBER","DECEMBER"},0),1)-MOD(WEEKDAY(DATE($B$1,MATCH(UPPER($C$1),{"JANUARY","FEBRUARY","MARCH","APRIL","MAY","JUNE","JULY","AUGUST","SEPTEMBER","OCTOBER","NOVEMBER","DECEMBER"},0),1),2)-MATCH(UPPER($E$1),{"MONDAY","TUESDAY","WEDNESDAY","THURSDAY","FRIDAY","SATURDAY","SUNDAY"},0),7)} -> 46174 | C4: =B4+1 -> 46175 | D4: =C4+1 -> 46176 | E4: =D4+1 -> 46177 | F4: =E4+1 -> 46178 | G4: =F4+1 -> 46179 | H4: =G4+1 -> 46180
B5: Gee | C5: Bergstrom | D5: Bergstrom | E5: Bergstrom | F5: Bergstrom | G5: Bergstrom | H5: Bergstrom
B6: Melinda | C6: Jaidyn | D6: Jaidyn | E6: Karen | F6: Jaidyn | G6: Jaidyn | H6: Brian
B7: {=B4+7} -> 46181 | C7: =C4+7 -> 46182 | D7: =D4+7 -> 46183 | E7: =E4+7 -> 46184 | F7: =F4+7 -> 46185 | G7: =G4+7 -> 46186 | H7: =H4+7 -> 46187
B8: Gee | C8: Bergstrom | D8: Bergstrom | E8: Bergstrom | F8: Bergstrom | G8: Bergstrom | H8: Gee
B9: Juan | C9: Juan | D9: Jaidyn | E9: Doug | F9: Jaidyn | G9: Jaidyn | H9: Kendia
B10: {=B7+7} -> 46188 | C10: =C7+7 -> 46189 | D10: =D7+7 -> 46190 | E10: =E7+7 -> 46191 | F10: =F7+7 -> 46192 | G10: =G7+7 -> 46193 | H10: =H7+7 -> 46194
B11: Gee | C11: Bergstrom | D11: Bergstrom | E11: Bergstrom | F11: Bergstrom | G11: Bergstrom | H11: CLOSED
B12: Juan | C12: Juan | D12: Jaidyn | E12: Doug | F12: Jaidyn | G12: Jaidyn | H12: CLOSED
B13: {=B10+7} -> 46195 | C13: =C10+7 -> 46196 | D13: =D10+7 -> 46197 | E13: =E10+7 -> 46198 | F13: =F10+7 -> 46199 | G13: =G10+7 -> 46200 | H13: =H10+7 -> 46201
B14: Gee | C14: Bergstrom | D14: Bergstrom | E14: Bergstrom | F14: Bergstrom | G14: Bergstrom | H14: CLOSED
B15: Juan | C15: Juan | D15: Jaidyn | E15: Doug | F15: Jaidyn | G15: Jaidyn | H15: CLOSED
B16: {=B13+7} -> 46202 | C16: =C13+7 -> 46203 | D16: =D13+7 -> 46204 | E16: =E13+7 -> 46205 | F16: =F13+7 -> 46206 | G16: =G13+7 -> 46207 | H16: =H13+7 -> 46208
B17: Gee | C17: Bergstrom
B18: Juan | C18: Juan
B19: {=B16+7} -> 46209 | C19: =C16+7 -> 46210 | D19: =D16+7 -> 46211 | E19: =E16+7 -> 46212 | F19: =F16+7 -> 46213 | G19: =G16+7 -> 46214 | H19: =H16+7 -> 46215
B23: =YEAR(TODAY()) -> 2026 | C23: JULY | E23: MONDAY | F23: La Verne | G23: Lockbox Code: | H23: SWC: Brian SDC: Dr. Bezzic
B24: CALENDAR YEAR | C24: CALENDAR MONTH | E24: FIRST DAY OF WEEK
B25: =TEXT(B26,"dddd") -> Monday | C25: =TEXT(C26,"dddd") -> Tuesday | D25: =TEXT(D26,"dddd") -> Wednesday | E25: =TEXT(E26,"dddd") -> Thursday | F25: =TEXT(F26,"dddd") -> Friday | G25: =TEXT(G26,"dddd") -> Saturday | H25: =TEXT(H26,"dddd") -> Sunday
B26: {=DATE($B$23,MATCH(UPPER($C$23),{"JANUARY","FEBRUARY","MARCH","APRIL","MAY","JUNE","JULY","AUGUST","SEPTEMBER","OCTOBER","NOVEMBER","DECEMBER"},0),1)-MOD(WEEKDAY(DATE($B$23,MATCH(UPPER($C$23),{"JANUARY","FEBRUARY","MARCH","APRIL","MAY","JUNE","JULY","AUGUST","SEPTEMBER","OCTOBER","NOVEMBER","DECEMBER"},0),1),2)-MATCH(UPPER($E$23),{"MONDAY","TUESDAY","WEDNESDAY","THURSDAY","FRIDAY","SATURDAY","SUNDAY"},0),7)} -> 46202 | C26: =B26+1 -> 46203 | D26: =C26+1 -> 46204 | E26: =D26+1 -> 46205 | F26: =E26+1 -> 46206 | G26: =F26+1 -> 46207 | H26: =G26+1 -> 46208
D27: Bergstrom | E27: Bergstrom | F27: Bergstrom | G27: CLOSED | H27: CLOSED
D28: Jaidyn | E28: Karen | F28: Jaidyn | G28: CLOSED | H28: CLOSED
B29: =B26+7 -> 46209 | C29: =C26+7 -> 46210 | D29: =D26+7 -> 46211 | E29: =E26+7 -> 46212 | F29: =F26+7 -> 46213 | G29: =G26+7 -> 46214 | H29: =H26+7 -> 46215
B30: Bergstrom | C30: Bergstrom | D30: Bergstrom | E30: Bergstrom | F30: Bergstrom | G30: Peng | H30: CLOSED
B31: Juan | C31: Juan | D31: Jaidyn | E31: Doug | F31: Jaidyn | G31: Jaidyn | H31: CLOSED
B32: =B29+7 -> 46216 | C32: =C29+7 -> 46217 | D32: =D29+7 -> 46218 | E32: =E29+7 -> 46219 | F32: =F29+7 -> 46220 | G32: =G29+7 -> 46221 | H32: =H29+7 -> 46222
B33: Bergstrom | C33: Bergstrom | D33: Bergstrom | E33: Bergstrom | F33: Bergstrom | G33: Peng | H33: CLOSED
B34: Juan | C34: Juan | D34: Jaidyn | E34: Doug | F34: Jaidyn | G34: Jaidyn | H34: CLOSED
B35: =B32+7 -> 46223 | C35: =C32+7 -> 46224 | D35: =D32+7 -> 46225 | E35: =E32+7 -> 46226 | F35: =F32+7 -> 46227 | G35: =G32+7 -> 46228 | H35: =H32+7 -> 46229
B36: Bergstrom | C36: Bergstrom | D36: Bergstrom | E36: Bergstrom | F36: Bergstrom | G36: Peng | H36: CLOSED
B37: Juan | C37: Juan | D37: Jaidyn | E37: Doug | F37: Jaidyn | G37: Jaidyn | H37: CLOSED
B38: =B35+7 -> 46230 | C38: =C35+7 -> 46231 | D38: =D35+7 -> 46232 | E38: =E35+7 -> 46233 | F38: =F35+7 -> 46234 | G38: =G35+7 -> 46235 | H38: =H35+7 -> 46236
B39: Bergstrom | C39: Bergstrom | D39: Bergstrom | E39: Bergstrom | F39: Bergstrom
B40: Juan | C40: Juan | D40: Jaidyn | E40: Doug | F40: Jaidyn
B41: =B38+7 -> 46237 | C41: =C38+7 -> 46238 | D41: =D38+7 -> 46239 | E41: =E38+7 -> 46240 | F41: =F38+7 -> 46241 | G41: =G38+7 -> 46242 | H41: =H38+7 -> 46243
B45: =YEAR(TODAY()) -> 2026 | C45: AUGUST | E45: MONDAY | F45: La Verne | G45: Lockbox Code: | H45: SWC: Brian SDC: Dr. Bezzic | I45: x
B46: CALENDAR YEAR | C46: CALENDAR MONTH | E46: FIRST DAY OF WEEK
B47: =TEXT(B48,"dddd") -> Monday | C47: =TEXT(C48,"dddd") -> Tuesday | D47: =TEXT(D48,"dddd") -> Wednesday | E47: =TEXT(E48,"dddd") -> Thursday | F47: =TEXT(F48,"dddd") -> Friday | G47: =TEXT(G48,"dddd") -> Saturday | H47: =TEXT(H48,"dddd") -> Sunday
B48: {=DATE($B$45,MATCH(UPPER($C$45),{"JANUARY","FEBRUARY","MARCH","APRIL","MAY","JUNE","JULY","AUGUST","SEPTEMBER","OCTOBER","NOVEMBER","DECEMBER"},0),1)-MOD(WEEKDAY(DATE($B$45,MATCH(UPPER($C$45),{"JANUARY","FEBRUARY","MARCH","APRIL","MAY","JUNE","JULY","AUGUST","SEPTEMBER","OCTOBER","NOVEMBER","DECEMBER"},0),1),2)-MATCH(UPPER($E$45),{"MONDAY","TUESDAY","WEDNESDAY","THURSDAY","FRIDAY","SATURDAY","SUNDAY"},0),7)} -> 46230 | C48: =B48+1 -> 46231 | D48: =C48+1 -> 46232 | E48: =D48+1 -> 46233 | F48: =E48+1 -> 46234 | G48: =F48+1 -> 46235 | H48: =G48+1 -> 46236
G49: Peng | H49: CLOSED
G50: Jaidyn | H50: CLOSED
B51: =B48+7 -> 46237 | C51: =C48+7 -> 46238 | D51: =D48+7 -> 46239 | E51: =E48+7 -> 46240 | F51: =F48+7 -> 46241 | G51: =G48+7 -> 46242 | H51: =H48+7 -> 46243
B52: Bergstrom | C52: Bergstrom | D52: Bergstrom | E52: Bergstrom | F52: Bergstrom | G52: Peng | H52: CLOSED
B53: Juan | C53: Juan | D53: Jaidyn | E53: Doug | F53: Jaidyn | G53: Jaidyn | H53: CLOSED
B54: =B51+7 -> 46244 | C54: =C51+7 -> 46245 | D54: =D51+7 -> 46246 | E54: =E51+7 -> 46247 | F54: =F51+7 -> 46248 | G54: =G51+7 -> 46249 | H54: =H51+7 -> 46250
B55: Bergstrom | C55: Bergstrom | D55: Bergstrom | E55: Bergstrom | F55: Bergstrom | G55: Peng | H55: CLOSED
B56: Juan | C56: Juan | D56: Jaidyn | E56: Doug | F56: Jaidyn | G56: Jaidyn | H56: CLOSED
B57: =B54+7 -> 46251 | C57: =C54+7 -> 46252 | D57: =D54+7 -> 46253 | E57: =E54+7 -> 46254 | F57: =F54+7 -> 46255 | G57: =G54+7 -> 46256 | H57: =H54+7 -> 46257
B58: Bergstrom | C58: Bergstrom | D58: Bergstrom | E58: Bergstrom | F58: Bergstrom | G58: Peng | H58: CLOSED
B59: Juan | C59: Juan | D59: Jaidyn | E59: Doug | F59: Jaidyn | G59: Jaidyn | H59: CLOSED
B60: =B57+7 -> 46258 | C60: =C57+7 -> 46259 | D60: =D57+7 -> 46260 | E60: =E57+7 -> 46261 | F60: =F57+7 -> 46262 | G60: =G57+7 -> 46263 | H60: =H57+7 -> 46264
B61: Bergstrom | C61: Bergstrom | D61: Bergstrom | E61: Bergstrom | F61: Bergstrom | G61: Peng | H61: CLOSED
B62: Juan | C62: Juan | D62: Jaidyn | E62: Doug | F62: Jaidyn | G62: Jaidyn | H62: CLOSED
B63: =B60+7 -> 46265 | C63: =C60+7 -> 46266 | D63: =D60+7 -> 46267 | E63: =E60+7 -> 46268 | F63: =F60+7 -> 46269 | G63: =G60+7 -> 46270 | H63: =H60+7 -> 46271

Sheet Eastvale
B1: =YEAR(TODAY()) -> 2026 | C1: JUNE | E1: MONDAY | F1: Location: Eastvale | G1: Lockbox Code: | H1: SWC: Brian SDC: Dr. Bezzic | I1: x
B2: CALENDAR YEAR | C2: CALENDAR MONTH | E2: FIRST DAY OF WEEK
B3: {=TEXT(B4,"dddd")} -> Monday | C3: =TEXT(C4,"dddd") -> Tuesday | D3: =TEXT(D4,"dddd") -> Wednesday | E3: =TEXT(E4,"dddd") -> Thursday | F3: =TEXT(F4,"dddd") -> Friday | G3: =TEXT(G4,"dddd") -> Saturday | H3: =TEXT(H4,"dddd") -> Sunday
B4: {=DATE($B$1,MATCH(UPPER($C$1),{"JANUARY","FEBRUARY","MARCH","APRIL","MAY","JUNE","JULY","AUGUST","SEPTEMBER","OCTOBER","NOVEMBER","DECEMBER"},0),1)-MOD(WEEKDAY(DATE($B$1,MATCH(UPPER($C$1),{"JANUARY","FEBRUARY","MARCH","APRIL","MAY","JUNE","JULY","AUGUST","SEPTEMBER","OCTOBER","NOVEMBER","DECEMBER"},0),1),2)-MATCH(UPPER($E$1),{"MONDAY","TUESDAY","WEDNESDAY","THURSDAY","FRIDAY","SATURDAY","SUNDAY"},0),7)} -> 46174 | C4: =B4+1 -> 46175 | D4: =C4+1 -> 46176 | E4: =D4+1 -> 46177 | F4: =E4+1 -> 46178 | G4: =F4+1 -> 46179 | H4: =G4+1 -> 46180
B5: Vich | C5: Vich/Peng | D5: Vich/Garatti | E5: Vich | F5: Vich/Garatti | G5: Garatti | H5: Chapman
B6: Kendia | C6: Brian | D6: Kendia | E6: Kendia | F6: Brian | G6: Brian | H6: Claudia
B7: {=B4+7} -> 46181 | C7: =C4+7 -> 46182 | D7: =D4+7 -> 46183 | E7: =E4+7 -> 46184 | F7: =F4+7 -> 46185 | G7: =G4+7 -> 46186 | H7: =H4+7 -> 46187
B8: Vich/Garatti | C8: Vich | D8: Vich/Garatti | E8: Vich | F8: Vich/Garatti | G8: Garatti | H8: Chapman
B9: Steven | C9: Kendia | D9: Kendia | E9: Kendia | F9: Marissa | G9: Kendia | H9: Claudia
B10: {=B7+7} -> 46188 | C10: =C7+7 -> 46189 | D10: =D7+7 -> 46190 | E10: =E7+7 -> 46191 | F10: =F7+7 -> 46192 | G10: =G7+7 -> 46193 | H10: =H7+7 -> 46194
B11: Vich/Garatti | C11: Vich | D11: Vich/Garatti | E11: Vich | F11: Vich/Garatti | G11: Garatti | H11: Chapman
B12: Kendia | C12: Kendia | D12: Kendia | E12: Kendia | F12: Brian | G12: Brian | H12: Claudia
B13: {=B10+7} -> 46195 | C13: =C10+7 -> 46196 | D13: =D10+7 -> 46197 | E13: =E10+7 -> 46198 | F13: =F10+7 -> 46199 | G13: =G10+7 -> 46200 | H13: =H10+7 -> 46201
B14: Vich/Garatti | C14: Vich | D14: Vich/Garatti | E14: Vich | F14: Vich/Garatti | G14: Garatti | H14: Chapman
B15: Kendia | C15: Kendia | D15: Kendia | E15: Kendia | F15: Brian | G15: WC NEEDED | H15: Claudia
B16: {=B13+7} -> 46202 | C16: =C13+7 -> 46203 | D16: =D13+7 -> 46204 | E16: =E13+7 -> 46205 | F16: =F13+7 -> 46206 | G16: =G13+7 -> 46207 | H16: =H13+7 -> 46208
B17: Vich/Garatti | C17: Vich
B18: Kendia | C18: Kendia
B19: {=B16+7} -> 46209 | C19: =C16+7 -> 46210 | D19: =D16+7 -> 46211 | E19: =E16+7 -> 46212 | F19: =F16+7 -> 46213 | G19: =G16+7 -> 46214 | H19: =H16+7 -> 46215
B23: =YEAR(TODAY()) -> 2026 | C23: JULY | E23: MONDAY | F23: Location: Eastvale | G23: Lockbox Code: | H23: SWC: Brian SDC: Dr. Bezzic | I23: x
B24: CALENDAR YEAR | C24: CALENDAR MONTH | E24: FIRST DAY OF WEEK
B25: =TEXT(B26,"dddd") -> Monday | C25: =TEXT(C26,"dddd") -> Tuesday | D25: =TEXT(D26,"dddd") -> Wednesday | E25: =TEXT(E26,"dddd") -> Thursday | F25: =TEXT(F26,"dddd") -> Friday | G25: =TEXT(G26,"dddd") -> Saturday | H25: =TEXT(H26,"dddd") -> Sunday
B26: {=DATE($B$23,MATCH(UPPER($C$23),{"JANUARY","FEBRUARY","MARCH","APRIL","MAY","JUNE","JULY","AUGUST","SEPTEMBER","OCTOBER","NOVEMBER","DECEMBER"},0),1)-MOD(WEEKDAY(DATE($B$23,MATCH(UPPER($C$23),{"JANUARY","FEBRUARY","MARCH","APRIL","MAY","JUNE","JULY","AUGUST","SEPTEMBER","OCTOBER","NOVEMBER","DECEMBER"},0),1),2)-MATCH(UPPER($E$23),{"MONDAY","TUESDAY","WEDNESDAY","THURSDAY","FRIDAY","SATURDAY","SUNDAY"},0),7)} -> 46202 | C26: =B26+1 -> 46203 | D26: =C26+1 -> 46204 | E26: =D26+1 -> 46205 | F26: =E26+1 -> 46206 | G26: =F26+1 -> 46207 | H26: =G26+1 -> 46208
D27: Vich/Garratti | E27: Vich | F27: Vich/Garrati | G27: CLOSED | H27: Chapman
D28: Kendia | E28: Kendia | F28: Brian | G28: CLOSED | H28: Kendia
B29: =B26+7 -> 46209 | C29: =C26+7 -> 46210 | D29: =D26+7 -> 46211 | E29: =E26+7 -> 46212 | F29: =F26+7 -> 46213 | G29: =G26+7 -> 46214 | H29: =H26+7 -> 46215
B30: Vich/Garatti | C30: Vich | D30: Vich/Garratti | E30: Vich | F30: Vich/Garrati | G30: Garrati | H30: Chapman
B31: Kendia | C31: Kendia | D31: Kendia | E31: Kendia | F31: Brian | G31: Brian | H31: Kendia
B32: =B29+7 -> 46216 | C32: =C29+7 -> 46217 | D32: =D29+7 -> 46218 | E32: =E29+7 -> 46219 | F32: =F29+7 -> 46220 | G32: =G29+7 -> 46221 | H32: =H29+7 -> 46222
B33: Vich/Garatti | C33: Vich | D33: Vich/Garratti | E33: Vich | F33: Vich/Garrati | G33: Garrati | H33: Chapman
B34: Kendia | C34: Kendia | D34: Kendia | E34: Kendia | F34: Brian | G34: Brian | H34: Kendia
B35: =B32+7 -> 46223 | C35: =C32+7 -> 46224 | D35: =D32+7 -> 46225 | E35: =E32+7 -> 46226 | F35: =F32+7 -> 46227 | G35: =G32+7 -> 46228 | H35: =H32+7 -> 46229
B36: Vich/Garatti | C36: Vich | D36: Vich/Garratti | E36: Vich | F36: Vich/Garrati | G36: Garrati | H36: Chapman
B37: Kendia | C37: Kendia | D37: Kendia | E37: Kendia | F37: Brian | G37: Brian | H37: Kendia
B38: =B35+7 -> 46230 | C38: =C35+7 -> 46231 | D38: =D35+7 -> 46232 | E38: =E35+7 -> 46233 | F38: =F35+7 -> 46234 | G38: =G35+7 -> 46235 | H38: =H35+7 -> 46236
B39: Vich/Garatti | C39: Vich | D39: Vich/Garratti | E39: Vich | F39: Vich/Garratti
B40: Kendia | C40: Kendia | D40: Kendia | E40: Kendia | F40: Brian
B41: =B38+7 -> 46237 | C41: =C38+7 -> 46238 | D41: =D38+7 -> 46239 | E41: =E38+7 -> 46240 | F41: =F38+7 -> 46241 | G41: =G38+7 -> 46242 | H41: =H38+7 -> 46243
B45: =YEAR(TODAY()) -> 2026 | C45: AUGUST | E45: MONDAY | F45: Location: Eastvale | G45: Lockbox Code: | H45: SWC: Brian SDC: Dr. Bezzic | I45: x
B46: CALENDAR YEAR | C46: CALENDAR MONTH | E46: FIRST DAY OF WEEK
B47: =TEXT(B48,"dddd") -> Monday | C47: =TEXT(C48,"dddd") -> Tuesday | D47: =TEXT(D48,"dddd") -> Wednesday | E47: =TEXT(E48,"dddd") -> Thursday | F47: =TEXT(F48,"dddd") -> Friday | G47: =TEXT(G48,"dddd") -> Saturday | H47: =TEXT(H48,"dddd") -> Sunday
B48: {=DATE($B$45,MATCH(UPPER($C$45),{"JANUARY","FEBRUARY","MARCH","APRIL","MAY","JUNE","JULY","AUGUST","SEPTEMBER","OCTOBER","NOVEMBER","DECEMBER"},0),1)-MOD(WEEKDAY(DATE($B$45,MATCH(UPPER($C$45),{"JANUARY","FEBRUARY","MARCH","APRIL","MAY","JUNE","JULY","AUGUST","SEPTEMBER","OCTOBER","NOVEMBER","DECEMBER"},0),1),2)-MATCH(UPPER($E$45),{"MONDAY","TUESDAY","WEDNESDAY","THURSDAY","FRIDAY","SATURDAY","SUNDAY"},0),7)} -> 46230 | C48: =B48+1 -> 46231 | D48: =C48+1 -> 46232 | E48: =D48+1 -> 46233 | F48: =E48+1 -> 46234 | G48: =F48+1 -> 46235 | H48: =G48+1 -> 46236
G49: Garrati | H49: Chapman
G50: Brian | H50: Kendia
B51: =B48+7 -> 46237 | C51: =C48+7 -> 46238 | D51: =D48+7 -> 46239 | E51: =E48+7 -> 46240 | F51: =F48+7 -> 46241 | G51: =G48+7 -> 46242 | H51: =H48+7 -> 46243
B52: Vich/Garatti | C52: Vich | D52: Vich/Garratti | E52: Vich | F52: Vich/Garrati | G52: Garrati | H52: Chapman
B53: Kendia | C53: Kendia | D53: Kendia | E53: Kendia | F53: Brian | G53: Brian | H53: Kendia
B54: =B51+7 -> 46244 | C54: =C51+7 -> 46245 | D54: =D51+7 -> 46246 | E54: =E51+7 -> 46247 | F54: =F51+7 -> 46248 | G54: =G51+7 -> 46249 | H54: =H51+7 -> 46250
B55: Vich/Garatti | C55: Vich | D55: Vich/Garratti | E55: Vich | F55: Vich/Garrati | G55: Garrati | H55: Chapman
B56: Kendia | C56: Kendia | D56: Kendia | E56: Kendia | F56: Brian | G56: Brian | H56: Kendia
B57: =B54+7 -> 46251 | C57: =C54+7 -> 46252 | D57: =D54+7 -> 46253 | E57: =E54+7 -> 46254 | F57: =F54+7 -> 46255 | G57: =G54+7 -> 46256 | H57: =H54+7 -> 46257
B58: Vich/Garatti | C58: Vich | D58: Vich/Garratti | E58: Vich | F58: Vich/Garrati | G58: Garrati | H58: Chapman
B59: Kendia | C59: Kendia | D59: Kendia | E59: Kendia | F59: Brian | G59: Brian | H59: Kendia
B60: =B57+7 -> 46258 | C60: =C57+7 -> 46259 | D60: =D57+7 -> 46260 | E60: =E57+7 -> 46261 | F60: =F57+7 -> 46262 | G60: =G57+7 -> 46263 | H60: =H57+7 -> 46264
B61: Vich/Garatti | C61: Vich | D61: Vich/Garratti | E61: Vich | F61: Vich/Garrati | G61: Garrati | H61: Chapman
B62: Kendia | C62: Kendia | D62: Kendia | E62: Kendia | F62: Brian | G62: Brian | H62: Kendia
B63: =B60+7 -> 46265 | C63: =C60+7 -> 46266 | D63: =D60+7 -> 46267 | E63: =E60+7 -> 46268 | F63: =F60+7 -> 46269 | G63: =G60+7 -> 46270 | H63: =H60+7 -> 46271
B64: Vich/Garatti
B65: Kendia

Sheet Moreno Valley
B1: =YEAR(TODAY()) -> 2026 | C1: JUNE | E1: MONDAY | F1: Location: Moreno Valley | G1: Lockbox Code: | H1: SWC: Brian SDC: Dr. Bezzic | I1: X
B2: CALENDAR YEAR | C2: CALENDAR MONTH | E2: FIRST DAY OF WEEK
B3: {=TEXT(B4,"dddd")} -> Monday | C3: =TEXT(C4,"dddd") -> Tuesday | D3: =TEXT(D4,"dddd") -> Wednesday | E3: =TEXT(E4,"dddd") -> Thursday | F3: =TEXT(F4,"dddd") -> Friday | G3: =TEXT(G4,"dddd") -> Saturday | H3: =TEXT(H4,"dddd") -> Sunday
B4: {=DATE($B$1,MATCH(UPPER($C$1),{"JANUARY","FEBRUARY","MARCH","APRIL","MAY","JUNE","JULY","AUGUST","SEPTEMBER","OCTOBER","NOVEMBER","DECEMBER"},0),1)-MOD(WEEKDAY(DATE($B$1,MATCH(UPPER($C$1),{"JANUARY","FEBRUARY","MARCH","APRIL","MAY","JUNE","JULY","AUGUST","SEPTEMBER","OCTOBER","NOVEMBER","DECEMBER"},0),1),2)-MATCH(UPPER($E$1),{"MONDAY","TUESDAY","WEDNESDAY","THURSDAY","FRIDAY","SATURDAY","SUNDAY"},0),7)} -> 46174 | C4: =B4+1 -> 46175 | D4: =C4+1 -> 46176 | E4: =D4+1 -> 46177 | F4: =E4+1 -> 46178 | G4: =F4+1 -> 46179 | H4: =G4+1 -> 46180
B5: Closed | C5: Rhoe | D5: Rhoe | E5: Rhoe | F5: Rhoe | G5: Rhoe | H5: Closed
B6: Closed | C6: Melinda | D6: Melinda | E6: Melinda | F6: Melinda | G6: Claudia | H6: Closed
B7: {=B4+7} -> 46181 | C7: =C4+7 -> 46182 | D7: =D4+7 -> 46183 | E7: =E4+7 -> 46184 | F7: =F4+7 -> 46185 | G7: =G4+7 -> 46186 | H7: =H4+7 -> 46187
B8: Closed | C8: Rhoe | D8: Rhoe | E8: Rhoe | F8: Rhoe | G8: Rhoe | H8: Closed
B9: CLOSED | C9: Melinda | D9: Melinda | E9: Melinda | F9: Melinda | G9: Claudia | H9: Closed
B10: {=B7+7} -> 46188 | C10: =C7+7 -> 46189 | D10: =D7+7 -> 46190 | E10: =E7+7 -> 46191 | F10: =F7+7 -> 46192 | G10: =G7+7 -> 46193 | H10: =H7+7 -> 46194
B11: Closed | C11: Rhoe | D11: Rhoe | E11: Rhoe | F11: Rhoe | G11: Rhoe | H11: Closed
B12: Closed | C12: Melinda | D12: Melinda | E12: Melinda | F12: Melinda | G12: Claudia | H12: Closed
B13: {=B10+7} -> 46195 | C13: =C10+7 -> 46196 | D13: =D10+7 -> 46197 | E13: =E10+7 -> 46198 | F13: =F10+7 -> 46199 | G13: =G10+7 -> 46200 | H13: =H10+7 -> 46201
B14: Closed | C14: Rhoe | D14: Rhoe | E14: Rhoe | F14: Rhoe | G14: Rhoe | H14: Closed
B15: Closed | C15: Melinda | D15: Melinda | E15: Melinda | F15: Melinda | G15: Claudia | H15: Closed
B16: {=B13+7} -> 46202 | C16: =C13+7 -> 46203 | D16: =D13+7 -> 46204 | E16: =E13+7 -> 46205 | F16: =F13+7 -> 46206 | G16: =G13+7 -> 46207 | H16: =H13+7 -> 46208
B17: Closed | C17: Rhoe | H17: Closed
B18: Closed | C18: Melinda | H18: Closed
B19: {=B16+7} -> 46209 | C19: =C16+7 -> 46210 | D19: =D16+7 -> 46211 | E19: =E16+7 -> 46212 | F19: =F16+7 -> 46213 | G19: =G16+7 -> 46214 | H19: =H16+7 -> 46215
B23: =YEAR(TODAY()) -> 2026 | C23: JULY | E23: MONDAY | F23: Location: Moreno Valley | G23: Lockbox Code: | H23: SWC: Brian SDC: Dr. Bezzic | I23: X
B24: CALENDAR YEAR | C24: CALENDAR MONTH | E24: FIRST DAY OF WEEK
B25: =TEXT(B26,"dddd") -> Monday | C25: =TEXT(C26,"dddd") -> Tuesday | D25: =TEXT(D26,"dddd") -> Wednesday | E25: =TEXT(E26,"dddd") -> Thursday | F25: =TEXT(F26,"dddd") -> Friday | G25: =TEXT(G26,"dddd") -> Saturday | H25: =TEXT(H26,"dddd") -> Sunday
B26: {=DATE($B$23,MATCH(UPPER($C$23),{"JANUARY","FEBRUARY","MARCH","APRIL","MAY","JUNE","JULY","AUGUST","SEPTEMBER","OCTOBER","NOVEMBER","DECEMBER"},0),1)-MOD(WEEKDAY(DATE($B$23,MATCH(UPPER($C$23),{"JANUARY","FEBRUARY","MARCH","APRIL","MAY","JUNE","JULY","AUGUST","SEPTEMBER","OCTOBER","NOVEMBER","DECEMBER"},0),1),2)-MATCH(UPPER($E$23),{"MONDAY","TUESDAY","WEDNESDAY","THURSDAY","FRIDAY","SATURDAY","SUNDAY"},0),7)} -> 46202 | C26: =B26+1 -> 46203 | D26: =C26+1 -> 46204 | E26: =D26+1 -> 46205 | F26: =E26+1 -> 46206 | G26: =F26+1 -> 46207 | H26: =G26+1 -> 46208
D27: Rhoe | E27: Rhoe | F27: Rhoe | G27: Closed | H27: Closed
D28: Melinda | E28: Melinda | F28: Melinda | G28: Closed | H28: Closed
B29: =B26+7 -> 46209 | C29: =C26+7 -> 46210 | D29: =D26+7 -> 46211 | E29: =E26+7 -> 46212 | F29: =F26+7 -> 46213 | G29: =G26+7 -> 46214 | H29: =H26+7 -> 46215
B30: Closed | C30: Rhoe | D30: Rhoe | E30: Rhoe | F30: Rhoe | G30: Rhoe | H30: Closed
B31: Closed | C31: Melinda | D31: Melinda | E31: Melinda | F31: Melinda | G31: Claudia | H31: Closed
B32: =B29+7 -> 46216 | C32: =C29+7 -> 46217 | D32: =D29+7 -> 46218 | E32: =E29+7 -> 46219 | F32: =F29+7 -> 46220 | G32: =G29+7 -> 46221 | H32: =H29+7 -> 46222
B33: Closed | C33: Rhoe | D33: Rhoe | E33: Rhoe | F33: Rhoe | G33: Rhoe | H33: Closed
B34: Closed | C34: Melinda | D34: Melinda | E34: Melinda | F34: Melinda | G34: Claudia | H34: Closed
B35: =B32+7 -> 46223 | C35: =C32+7 -> 46224 | D35: =D32+7 -> 46225 | E35: =E32+7 -> 46226 | F35: =F32+7 -> 46227 | G35: =G32+7 -> 46228 | H35: =H32+7 -> 46229
B36: Closed | C36: Rhoe | D36: Rhoe | E36: Rhoe | F36: Rhoe | G36: Rhoe | H36: Closed
B37: Closed | C37: Melinda | D37: Melinda | E37: Melinda | F37: Melinda | G37: Claudia | H37: Closed
B38: =B35+7 -> 46230 | C38: =C35+7 -> 46231 | D38: =D35+7 -> 46232 | E38: =E35+7 -> 46233 | F38: =F35+7 -> 46234 | G38: =G35+7 -> 46235 | H38: =H35+7 -> 46236
B39: Closed | C39: Rhoe | D39: Rhoe | E39: Rhoe
B40: Closed | C40: Melinda | D40: Melinda | E40: Melinda
B41: =B38+7 -> 46237 | C41: =C38+7 -> 46238 | D41: =D38+7 -> 46239 | E41: =E38+7 -> 46240 | F41: =F38+7 -> 46241 | G41: =G38+7 -> 46242 | H41: =H38+7 -> 46243
B45: =YEAR(TODAY()) -> 2026 | C45: AUGUST | E45: MONDAY | F45: Location: Moreno Valley | G45: Lockbox Code: | H45: SWC: Brian SDC: Dr. Bezzic
B46: CALENDAR YEAR | C46: CALENDAR MONTH | E46: FIRST DAY OF WEEK
B47: =TEXT(B48,"dddd") -> Monday | C47: =TEXT(C48,"dddd") -> Tuesday | D47: =TEXT(D48,"dddd") -> Wednesday | E47: =TEXT(E48,"dddd") -> Thursday | F47: =TEXT(F48,"dddd") -> Friday | G47: =TEXT(G48,"dddd") -> Saturday | H47: =TEXT(H48,"dddd") -> Sunday
B48: {=DATE($B$45,MATCH(UPPER($C$45),{"JANUARY","FEBRUARY","MARCH","APRIL","MAY","JUNE","JULY","AUGUST","SEPTEMBER","OCTOBER","NOVEMBER","DECEMBER"},0),1)-MOD(WEEKDAY(DATE($B$45,MATCH(UPPER($C$45),{"JANUARY","FEBRUARY","MARCH","APRIL","MAY","JUNE","JULY","AUGUST","SEPTEMBER","OCTOBER","NOVEMBER","DECEMBER"},0),1),2)-MATCH(UPPER($E$45),{"MONDAY","TUESDAY","WEDNESDAY","THURSDAY","FRIDAY","SATURDAY","SUNDAY"},0),7)} -> 46230 | C48: =B48+1 -> 46231 | D48: =C48+1 -> 46232 | E48: =D48+1 -> 46233 | F48: =E48+1 -> 46234 | G48: =F48+1 -> 46235 | H48: =G48+1 -> 46236
H49: Closed
H50: Closed
B51: =B48+7 -> 46237 | C51: =C48+7 -> 46238 | D51: =D48+7 -> 46239 | E51: =E48+7 -> 46240 | F51: =F48+7 -> 46241 | G51: =G48+7 -> 46242 | H51: =H48+7 -> 46243
B52: CLOSED | C52: Rhoe | D52: Rhoe | E52: Rhoe | F52: Rhoe | G52: Rhoe | H52: Closed
B53: CLOSED | C53: Melinda | D53: Melinda | E53: Melinda | F53: Melinda | G53: Claudia | H53: Closed
B54: =B51+7 -> 46244 | C54: =C51+7 -> 46245 | D54: =D51+7 -> 46246 | E54: =E51+7 -> 46247 | F54: =F51+7 -> 46248 | G54: =G51+7 -> 46249 | H54: =H51+7 -> 46250
B55: CLOSED | C55: Rhoe | D55: Rhoe | E55: Rhoe | F55: Rhoe | G55: Rhoe | H55: Closed
B56: CLOSED | C56: Melinda | D56: Melinda | E56: Melinda | F56: Melinda | G56: Claudia | H56: Closed
B57: =B54+7 -> 46251 | C57: =C54+7 -> 46252 | D57: =D54+7 -> 46253 | E57: =E54+7 -> 46254 | F57: =F54+7 -> 46255 | G57: =G54+7 -> 46256 | H57: =H54+7 -> 46257
B58: Closed | C58: Rhoe | D58: Rhoe | E58: Rhoe | F58: Rhoe | G58: Rhoe | H58: Closed
B59: Closed | C59: Melinda | D59: Melinda | E59: Melinda | F59: Melinda | G59: Claudia | H59: Closed
B60: =B57+7 -> 46258 | C60: =C57+7 -> 46259 | D60: =D57+7 -> 46260 | E60: =E57+7 -> 46261 | F60: =F57+7 -> 46262 | G60: =G57+7 -> 46263 | H60: =H57+7 -> 46264
B61: Closed | C61: Rhoe | D61: Rhoe | E61: Rhoe | F61: Rhoe | G61: Rhoe | H61: Closed
B62: Closed | C62: Melinda | D62: Melinda | E62: Melinda | F62: Melinda | G62: Claudia | H62: Closed
B63: =B60+7 -> 46265 | C63: =C60+7 -> 46266 | D63: =D60+7 -> 46267 | E63: =E60+7 -> 46268 | F63: =F60+7 -> 46269 | G63: =G60+7 -> 46270 | H63: =H60+7 -> 46271

Sheet Redlands
B1: =YEAR(TODAY()) -> 2026 | C1: JUNE | E1: MONDAY | F1: Location: Redlands | G1: Lockbox Code: | H1: SWC: Brian SDC: Dr. Bezzic | I1: x
B2: CALENDAR YEAR | C2: CALENDAR MONTH | E2: FIRST DAY OF WEEK
B3: {=TEXT(B4,"dddd")} -> Monday | C3: =TEXT(C4,"dddd") -> Tuesday | D3: =TEXT(D4,"dddd") -> Wednesday | E3: =TEXT(E4,"dddd") -> Thursday | F3: =TEXT(F4,"dddd") -> Friday | G3: =TEXT(G4,"dddd") -> Saturday | H3: =TEXT(H4,"dddd") -> Sunday
B4: {=DATE($B$1,MATCH(UPPER($C$1),{"JANUARY","FEBRUARY","MARCH","APRIL","MAY","JUNE","JULY","AUGUST","SEPTEMBER","OCTOBER","NOVEMBER","DECEMBER"},0),1)-MOD(WEEKDAY(DATE($B$1,MATCH(UPPER($C$1),{"JANUARY","FEBRUARY","MARCH","APRIL","MAY","JUNE","JULY","AUGUST","SEPTEMBER","OCTOBER","NOVEMBER","DECEMBER"},0),1),2)-MATCH(UPPER($E$1),{"MONDAY","TUESDAY","WEDNESDAY","THURSDAY","FRIDAY","SATURDAY","SUNDAY"},0),7)} -> 46174 | C4: =B4+1 -> 46175 | D4: =C4+1 -> 46176 | E4: =D4+1 -> 46177 | F4: =E4+1 -> 46178 | G4: =F4+1 -> 46179 | H4: =G4+1 -> 46180
B5: Carthron | C5: Delector | D5: Carthron | E5: Carthron/Delector | F5: Delector | G5: Carthron/Delector | H5: Danny
B6: Chantel | C6: Chantel | D6: Chantel | E6: Chantel | F6: Chantel | G6: Steven P. | H6: Steven P.
B7: {=B4+7} -> 46181 | C7: =C4+7 -> 46182 | D7: =D4+7 -> 46183 | E7: =E4+7 -> 46184 | F7: =F4+7 -> 46185 | G7: =G4+7 -> 46186 | H7: =H4+7 -> 46187
B8: Carthron | C8: Delector | D8: Carthron | E8: Carthron | F8: Carthron | G8: Carthron | H8: Lam
B9: Chantel | C9: Chantel | D9: Chantel | E9: Chantel | F9: Chantel | G9: Melinda | H9: Madi
B10: {=B7+7} -> 46188 | C10: =C7+7 -> 46189 | D10: =D7+7 -> 46190 | E10: =E7+7 -> 46191 | F10: =F7+7 -> 46192 | G10: =G7+7 -> 46193 | H10: =H7+7 -> 46194
B11: Carthron | C11: Peng | D11: Carthron | E11: Carthron | F11: Carthron | G11: Carthron | H11: DC Needed
B12: Chantel | C12: Chantel | D12: Chantel | E12: Chantel | F12: Chantel | G12: Steven P. | H12: Steven P.
B13: {=B10+7} -> 46195 | C13: =C10+7 -> 46196 | D13: =D10+7 -> 46197 | E13: =E10+7 -> 46198 | F13: =F10+7 -> 46199 | G13: =G10+7 -> 46200 | H13: =H10+7 -> 46201
B14: Carthron | C14: Carthron | D14: Carhtron | E14: DC Needed | F14: DC Needed | G14: Carthron | H14: Danny
B15: Chantel | C15: Chantel | D15: Chantel | E15: Chantel | F15: Chantel | G15: Steven P. | H15: Steven P.
B16: {=B13+7} -> 46202 | C16: =C13+7 -> 46203 | D16: =D13+7 -> 46204 | E16: =E13+7 -> 46205 | F16: =F13+7 -> 46206 | G16: =G13+7 -> 46207 | H16: =H13+7 -> 46208
B17: Carthron | C17: Carthron
B18: Chantel | C18: Chantel
B19: {=B16+7} -> 46209 | C19: =C16+7 -> 46210 | D19: =D16+7 -> 46211 | E19: =E16+7 -> 46212 | F19: =F16+7 -> 46213 | G19: =G16+7 -> 46214 | H19: =H16+7 -> 46215
B23: =YEAR(TODAY()) -> 2026 | C23: JULY | E23: MONDAY | F23: Location: Redlands | G23: Lockbox Code: | H23: SWC: Brian SDC: Dr. Bezzic | I23: x
B24: CALENDAR YEAR | C24: CALENDAR MONTH | E24: FIRST DAY OF WEEK
B25: =TEXT(B26,"dddd") -> Monday | C25: =TEXT(C26,"dddd") -> Tuesday | D25: =TEXT(D26,"dddd") -> Wednesday | E25: =TEXT(E26,"dddd") -> Thursday | F25: =TEXT(F26,"dddd") -> Friday | G25: =TEXT(G26,"dddd") -> Saturday | H25: =TEXT(H26,"dddd") -> Sunday
B26: {=DATE($B$23,MATCH(UPPER($C$23),{"JANUARY","FEBRUARY","MARCH","APRIL","MAY","JUNE","JULY","AUGUST","SEPTEMBER","OCTOBER","NOVEMBER","DECEMBER"},0),1)-MOD(WEEKDAY(DATE($B$23,MATCH(UPPER($C$23),{"JANUARY","FEBRUARY","MARCH","APRIL","MAY","JUNE","JULY","AUGUST","SEPTEMBER","OCTOBER","NOVEMBER","DECEMBER"},0),1),2)-MATCH(UPPER($E$23),{"MONDAY","TUESDAY","WEDNESDAY","THURSDAY","FRIDAY","SATURDAY","SUNDAY"},0),7)} -> 46202 | C26: =B26+1 -> 46203 | D26: =C26+1 -> 46204 | E26: =D26+1 -> 46205 | F26: =E26+1 -> 46206 | G26: =F26+1 -> 46207 | H26: =G26+1 -> 46208
D27: Carthron | E27: Carthron | F27: DC Needed | G27: Closed | H27: Danny
D28: Chantel | E28: Chantel | F28: Chantel | G28: Closed | H28: Steven P.
B29: =B26+7 -> 46209 | C29: =C26+7 -> 46210 | D29: =D26+7 -> 46211 | E29: =E26+7 -> 46212 | F29: =F26+7 -> 46213 | G29: =G26+7 -> 46214 | H29: =H26+7 -> 46215
B30: Carthron | C30: Delector | D30: Carthron | E30: Carthron/Delector | F30: Delector | G30: Carthon/Delector | H30: Danny
B31: Chantel | C31: Chantel | D31: Chantel | E31: Chantel | F31: Chantel | G31: Steven P. | H31: Steven P.
B32: =B29+7 -> 46216 | C32: =C29+7 -> 46217 | D32: =D29+7 -> 46218 | E32: =E29+7 -> 46219 | F32: =F29+7 -> 46220 | G32: =G29+7 -> 46221 | H32: =H29+7 -> 46222
B33: Carthron | C33: Delector | D33: Carthron | E33: Carthron/Delector | F33: Delector | G33: Carthon/Delector | H33: Danny
B34: Chantel | C34: Chantel | D34: Chantel | E34: Chantel | F34: Chantel | G34: Steven P. | H34: Steven P.
B35: =B32+7 -> 46223 | C35: =C32+7 -> 46224 | D35: =D32+7 -> 46225 | E35: =E32+7 -> 46226 | F35: =F32+7 -> 46227 | G35: =G32+7 -> 46228 | H35: =H32+7 -> 46229
B36: Carthron | C36: Delector | D36: Carthron | E36: Carthron/Delector | F36: Delector | G36: Carthon/Delector | H36: Danny
B37: Chantel | C37: Chantel | D37: Chantel | E37: Chantel | F37: Chantel | G37: Steven P. | H37: Steven P.
B38: =B35+7 -> 46230 | C38: =C35+7 -> 46231 | D38: =D35+7 -> 46232 | E38: =E35+7 -> 46233 | F38: =F35+7 -> 46234 | G38: =G35+7 -> 46235 | H38: =H35+7 -> 46236
B39: Carthron | C39: Delector | D39: Carthron | E39: Carthron/Delector | F39: Delector
B40: Chantel | C40: Chantel | D40: Chantel | E40: Chantel | F40: Chantel
B41: =B38+7 -> 46237 | C41: =C38+7 -> 46238 | D41: =D38+7 -> 46239 | E41: =E38+7 -> 46240 | F41: =F38+7 -> 46241 | G41: =G38+7 -> 46242 | H41: =H38+7 -> 46243
B45: =YEAR(TODAY()) -> 2026 | C45: AUGUST | E45: MONDAY | F45: Location: Redlands | G45: Lockbox Code: | H45: SWC: Brian SDC: Dr. Bezzic | I45: x
B46: CALENDAR YEAR | C46: CALENDAR MONTH | E46: FIRST DAY OF WEEK
B47: =TEXT(B48,"dddd") -> Monday | C47: =TEXT(C48,"dddd") -> Tuesday | D47: =TEXT(D48,"dddd") -> Wednesday | E47: =TEXT(E48,"dddd") -> Thursday | F47: =TEXT(F48,"dddd") -> Friday | G47: =TEXT(G48,"dddd") -> Saturday | H47: =TEXT(H48,"dddd") -> Sunday
B48: {=DATE($B$45,MATCH(UPPER($C$45),{"JANUARY","FEBRUARY","MARCH","APRIL","MAY","JUNE","JULY","AUGUST","SEPTEMBER","OCTOBER","NOVEMBER","DECEMBER"},0),1)-MOD(WEEKDAY(DATE($B$45,MATCH(UPPER($C$45),{"JANUARY","FEBRUARY","MARCH","APRIL","MAY","JUNE","JULY","AUGUST","SEPTEMBER","OCTOBER","NOVEMBER","DECEMBER"},0),1),2)-MATCH(UPPER($E$45),{"MONDAY","TUESDAY","WEDNESDAY","THURSDAY","FRIDAY","SATURDAY","SUNDAY"},0),7)} -> 46230 | C48: =B48+1 -> 46231 | D48: =C48+1 -> 46232 | E48: =D48+1 -> 46233 | F48: =E48+1 -> 46234 | G48: =F48+1 -> 46235 | H48: =G48+1 -> 46236
G49: Carthon/Delector | H49: Danny
G50: Steven P. | H50: Steven P.
B51: =B48+7 -> 46237 | C51: =C48+7 -> 46238 | D51: =D48+7 -> 46239 | E51: =E48+7 -> 46240 | F51: =F48+7 -> 46241 | G51: =G48+7 -> 46242 | H51: =H48+7 -> 46243
B52: Carthron | C52: Delector | D52: Carthron | E52: Carthron/Delector | F52: Delector | G52: Carthon/Delector | H52: Danny
B53: Chantel | C53: Chantel | D53: WC Needed | E53: WC Needed | F53: WC Needed | G53: Steven P. | H53: Steven P.
B54: =B51+7 -> 46244 | C54: =C51+7 -> 46245 | D54: =D51+7 -> 46246 | E54: =E51+7 -> 46247 | F54: =F51+7 -> 46248 | G54: =G51+7 -> 46249 | H54: =H51+7 -> 46250
B55: Carthron | C55: Delector | D55: Carthron | E55: Carthron/Delector | F55: Delector | G55: Carthon/Delector | H55: Danny
B56: WC Needed | C56: WC Needed | D56: Chantel | E56: Chantel | F56: Chantel | G56: Steven P. | H56: Steven P.
B57: =B54+7 -> 46251 | C57: =C54+7 -> 46252 | D57: =D54+7 -> 46253 | E57: =E54+7 -> 46254 | F57: =F54+7 -> 46255 | G57: =G54+7 -> 46256 | H57: =H54+7 -> 46257
B58: Carthron | C58: Delector | D58: Carthron | E58: Carthron/Delector | F58: Delector | G58: Carthon/Delector | H58: Danny
B59: Chantel | C59: Chantel | D59: Chantel | E59: Chantel | F59: Chantel | G59: Steven P. | H59: Steven P.
B60: =B57+7 -> 46258 | C60: =C57+7 -> 46259 | D60: =D57+7 -> 46260 | E60: =E57+7 -> 46261 | F60: =F57+7 -> 46262 | G60: =G57+7 -> 46263 | H60: =H57+7 -> 46264
B61: Carthron | C61: Delector | D61: Carthron | E61: Carthron/Delector | F61: Delector | G61: Carthon/Delector | H61: Danny
B62: Chantel | C62: Chantel | D62: Chantel | E62: Chantel | F62: Chantel | G62: Steven P. | H62: Steven P.
B63: =B60+7 -> 46265 | C63: =C60+7 -> 46266 | D63: =D60+7 -> 46267 | E63: =E60+7 -> 46268 | F63: =F60+7 -> 46269 | G63: =G60+7 -> 46270 | H63: =H60+7 -> 46271
B64: Carthron
B65: Chantel

Sheet Rialto
B1: =YEAR(TODAY()) -> 2026 | C1: JUNE | E1: MONDAY | F1: Location: Rialto | G1: Lockbox Code: | H1: SWC: Brian SDC: Dr. Bezzic | I1: x
B2: CALENDAR YEAR | C2: CALENDAR MONTH | E2: FIRST DAY OF WEEK
B3: {=TEXT(B4,"dddd")} -> Monday | C3: =TEXT(C4,"dddd") -> Tuesday | D3: =TEXT(D4,"dddd") -> Wednesday | E3: =TEXT(E4,"dddd") -> Thursday | F3: =TEXT(F4,"dddd") -> Friday | G3: =TEXT(G4,"dddd") -> Saturday | H3: =TEXT(H4,"dddd") -> Sunday
B4: {=DATE($B$1,MATCH(UPPER($C$1),{"JANUARY","FEBRUARY","MARCH","APRIL","MAY","JUNE","JULY","AUGUST","SEPTEMBER","OCTOBER","NOVEMBER","DECEMBER"},0),1)-MOD(WEEKDAY(DATE($B$1,MATCH(UPPER($C$1),{"JANUARY","FEBRUARY","MARCH","APRIL","MAY","JUNE","JULY","AUGUST","SEPTEMBER","OCTOBER","NOVEMBER","DECEMBER"},0),1),2)-MATCH(UPPER($E$1),{"MONDAY","TUESDAY","WEDNESDAY","THURSDAY","FRIDAY","SATURDAY","SUNDAY"},0),7)} -> 46174 | C4: =B4+1 -> 46175 | D4: =C4+1 -> 46176 | E4: =D4+1 -> 46177 | F4: =E4+1 -> 46178 | G4: =F4+1 -> 46179 | H4: =G4+1 -> 46180
B5: Tolbirt | C5: Moursalian | D5: Moursalian | E5: Moursalian | F5: Moursalian | G5: Moursalian | H5: Peng
B6: Karen/Madi | C6: Madi | D6: Marissa | E6: Madi | F6: Madi | G6: Marissa | H6: Marissa
B7: {=B4+7} -> 46181 | C7: =C4+7 -> 46182 | D7: =D4+7 -> 46183 | E7: =E4+7 -> 46184 | F7: =F4+7 -> 46185 | G7: =G4+7 -> 46186 | H7: =H4+7 -> 46187
B8: Tolbirt | C8: Moursalian | D8: Moursalian | E8: Moursalian | F8: Moursalian | G8: Moursalin 10-1/Peng 1:30-5 | H8: CLOSED
B9: Karen/Genesis | C9: Madi | D9: Marissa/Madi | E9: Madi | F9: Madi | G9: Marissa | H9: CLOSED
B10: {=B7+7} -> 46188 | C10: =C7+7 -> 46189 | D10: =D7+7 -> 46190 | E10: =E7+7 -> 46191 | F10: =F7+7 -> 46192 | G10: =G7+7 -> 46193 | H10: =H7+7 -> 46194
B11: Tolbirt | C11: Moursalian | D11: Moursalian | E11: Moursalian | F11: Moursalian | G11: Moursalian | H11: CLOSED
B12: Karen/Madi | C12: Madi | D12: Marissa | E12: Madi | F12: Madi | G12: Marissa | H12: CLOSED
B13: {=B10+7} -> 46195 | C13: =C10+7 -> 46196 | D13: =D10+7 -> 46197 | E13: =E10+7 -> 46198 | F13: =F10+7 -> 46199 | G13: =G10+7 -> 46200 | H13: =H10+7 -> 46201
B14: Tolbirt | C14: Moursalian | D14: Moursalian | E14: Moursalian | F14: DC Needed | G14: Peng | H14: CLOSED
B15: Karen/Madi | C15: Madi | D15: Marissa | E15: Madi | F15: Madi | G15: Marissa | H15: CLOSED
B16: {=B13+7} -> 46202 | C16: =C13+7 -> 46203 | D16: =D13+7 -> 46204 | E16: =E13+7 -> 46205 | F16: =F13+7 -> 46206 | G16: =G13+7 -> 46207 | H16: =H13+7 -> 46208
B17: Tolbirt | C17: Peng | H17: Peng
B18: Karen/Madi | C18: Madi | H18: Madi
B19: {=B16+7} -> 46209 | C19: =C16+7 -> 46210 | D19: =D16+7 -> 46211 | E19: =E16+7 -> 46212 | F19: =F16+7 -> 46213 | G19: =G16+7 -> 46214 | H19: =H16+7 -> 46215
B23: =YEAR(TODAY()) -> 2026 | C23: JULY | E23: MONDAY | F23: Location: Rialto | G23: Lockbox Code: | H23: SWC: Brian SDC: Dr. Bezzic | I23: x
B24: CALENDAR YEAR | C24: CALENDAR MONTH | E24: FIRST DAY OF WEEK
B25: =TEXT(B26,"dddd") -> Monday | C25: =TEXT(C26,"dddd") -> Tuesday | D25: =TEXT(D26,"dddd") -> Wednesday | E25: =TEXT(E26,"dddd") -> Thursday | F25: =TEXT(F26,"dddd") -> Friday | G25: =TEXT(G26,"dddd") -> Saturday | H25: =TEXT(H26,"dddd") -> Sunday
B26: {=DATE($B$23,MATCH(UPPER($C$23),{"JANUARY","FEBRUARY","MARCH","APRIL","MAY","JUNE","JULY","AUGUST","SEPTEMBER","OCTOBER","NOVEMBER","DECEMBER"},0),1)-MOD(WEEKDAY(DATE($B$23,MATCH(UPPER($C$23),{"JANUARY","FEBRUARY","MARCH","APRIL","MAY","JUNE","JULY","AUGUST","SEPTEMBER","OCTOBER","NOVEMBER","DECEMBER"},0),1),2)-MATCH(UPPER($E$23),{"MONDAY","TUESDAY","WEDNESDAY","THURSDAY","FRIDAY","SATURDAY","SUNDAY"},0),7)} -> 46202 | C26: =B26+1 -> 46203 | D26: =C26+1 -> 46204 | E26: =D26+1 -> 46205 | F26: =E26+1 -> 46206 | G26: =F26+1 -> 46207 | H26: =G26+1 -> 46208
D27: Moursalian | E27: Moursalian | F27: DC Needed | G27: Closed | H27: CLOSED
D28: Marissa | E28: Madi | F28: Madi | G28: Closed | H28: CLOSED
B29: =B26+7 -> 46209 | C29: =C26+7 -> 46210 | D29: =D26+7 -> 46211 | E29: =E26+7 -> 46212 | F29: =F26+7 -> 46213 | G29: =G26+7 -> 46214 | H29: =H26+7 -> 46215
B30: Tolbirt | C30: Moursalian | D30: Moursalian | E30: Moursalian | F30: Moursalian | G30: Moursalian | H30: CLOSED
B31: Karen/ Madi | C31: Madi | D31: Marissa | E31: Madi | F31: Madi | G31: Marissa | H31: CLOSED
B32: =B29+7 -> 46216 | C32: =C29+7 -> 46217 | D32: =D29+7 -> 46218 | E32: =E29+7 -> 46219 | F32: =F29+7 -> 46220 | G32: =G29+7 -> 46221 | H32: =H29+7 -> 46222
B33: Tolbirt | C33: Moursalian | D33: Moursalian | E33: Moursalian | F33: Moursalian | G33: Moursalian HALF DAY 10-130 | H33: CLOSED
B34: Karen/Madi | C34: Madi | D34: Marissa | E34: Madi | F34: Madi | G34: Madi | H34: CLOSED
B35: =B32+7 -> 46223 | C35: =C32+7 -> 46224 | D35: =D32+7 -> 46225 | E35: =E32+7 -> 46226 | F35: =F32+7 -> 46227 | G35: =G32+7 -> 46228 | H35: =H32+7 -> 46229
B36: Tolbirt | C36: Moursalian | D36: Moursalian | E36: Moursalian | F36: Moursalian | G36: Moursalian | H36: CLOSED
B37: Karen/Madi | C37: Madi | D37: Marissa | E37: Madi | F37: Madi | G37: Marissa | H37: CLOSED
B38: =B35+7 -> 46230 | C38: =C35+7 -> 46231 | D38: =D35+7 -> 46232 | E38: =E35+7 -> 46233 | F38: =F35+7 -> 46234 | G38: =G35+7 -> 46235 | H38: =H35+7 -> 46236
B39: Tolbirt | C39: DC needed | D39: Moursalian | E39: Moursalian | F39: Moursalian
B40: Karen/Madi | C40: Madi | D40: Marissa | E40: Madi | F40: Madi
B41: =B38+7 -> 46237 | C41: =C38+7 -> 46238 | D41: =D38+7 -> 46239 | E41: =E38+7 -> 46240 | F41: =F38+7 -> 46241 | G41: =G38+7 -> 46242 | H41: =H38+7 -> 46243
B45: =YEAR(TODAY()) -> 2026 | C45: AUGUST | E45: MONDAY | F45: Location: Rialto | G45: Lockbox Code: | H45: SWC: Brian SDC: Dr. Bezzic | I45: x
B46: CALENDAR YEAR | C46: CALENDAR MONTH | E46: FIRST DAY OF WEEK
B47: =TEXT(B48,"dddd") -> Monday | C47: =TEXT(C48,"dddd") -> Tuesday | D47: =TEXT(D48,"dddd") -> Wednesday | E47: =TEXT(E48,"dddd") -> Thursday | F47: =TEXT(F48,"dddd") -> Friday | G47: =TEXT(G48,"dddd") -> Saturday | H47: =TEXT(H48,"dddd") -> Sunday
B48: {=DATE($B$45,MATCH(UPPER($C$45),{"JANUARY","FEBRUARY","MARCH","APRIL","MAY","JUNE","JULY","AUGUST","SEPTEMBER","OCTOBER","NOVEMBER","DECEMBER"},0),1)-MOD(WEEKDAY(DATE($B$45,MATCH(UPPER($C$45),{"JANUARY","FEBRUARY","MARCH","APRIL","MAY","JUNE","JULY","AUGUST","SEPTEMBER","OCTOBER","NOVEMBER","DECEMBER"},0),1),2)-MATCH(UPPER($E$45),{"MONDAY","TUESDAY","WEDNESDAY","THURSDAY","FRIDAY","SATURDAY","SUNDAY"},0),7)} -> 46230 | C48: =B48+1 -> 46231 | D48: =C48+1 -> 46232 | E48: =D48+1 -> 46233 | F48: =E48+1 -> 46234 | G48: =F48+1 -> 46235 | H48: =G48+1 -> 46236
G49: Moursalian | H49: CLOSED
G50: Marissa | H50: CLOSED
B51: =B48+7 -> 46237 | C51: =C48+7 -> 46238 | D51: =D48+7 -> 46239 | E51: =E48+7 -> 46240 | F51: =F48+7 -> 46241 | G51: =G48+7 -> 46242 | H51: =H48+7 -> 46243
B52: Tolbirt | C52: Moursalian | D52: Moursalian | E52: Moursalian | F52: Moursalian | G52: Moursalian | H52: CLOSED
B53: Karen/Madi | C53: Madi | D53: Marissa | E53: Madi | F53: Madi | G53: Marissa | H53: CLOSED
B54: =B51+7 -> 46244 | C54: =C51+7 -> 46245 | D54: =D51+7 -> 46246 | E54: =E51+7 -> 46247 | F54: =F51+7 -> 46248 | G54: =G51+7 -> 46249 | H54: =H51+7 -> 46250
B55: Tolbirt | C55: Moursalian | D55: Moursalian | E55: Moursalian | F55: Moursalian | G55: Moursalian | H55: CLOSED
B56: Karen/Madi | C56: Madi | D56: Marissa | E56: Madi | F56: Madi | G56: Marissa | H56: CLOSED
B57: =B54+7 -> 46251 | C57: =C54+7 -> 46252 | D57: =D54+7 -> 46253 | E57: =E54+7 -> 46254 | F57: =F54+7 -> 46255 | G57: =G54+7 -> 46256 | H57: =H54+7 -> 46257
B58: Tolbirt | C58: Moursalian | D58: Moursalian | E58: Moursalian | F58: Moursalian | G58: Moursalian | H58: CLOSED
B59: Karen/Madi | C59: Madi | D59: Marissa | E59: Madi | F59: Madi | G59: Marissa | H59: CLOSED
B60: =B57+7 -> 46258 | C60: =C57+7 -> 46259 | D60: =D57+7 -> 46260 | E60: =E57+7 -> 46261 | F60: =F57+7 -> 46262 | G60: =G57+7 -> 46263 | H60: =H57+7 -> 46264
B61: Tolbirt | C61: Moursalian | D61: Moursalian | E61: Moursalian | F61: Moursalian | G61: Moursalian | H61: CLOSED
B62: Karen/Madi | C62: Madi | D62: Marissa | E62: Madi | F62: Madi | G62: Marissa | H62: CLOSED
B63: =B60+7 -> 46265 | C63: =C60+7 -> 46266 | D63: =D60+7 -> 46267 | E63: =E60+7 -> 46268 | F63: =F60+7 -> 46269 | G63: =G60+7 -> 46270 | H63: =H60+7 -> 46271
B64: Tolbirt
B65: Karen/Madi

Sheet Winery
B1: =YEAR(TODAY()) -> 2026 | C1: JUNE | E1: MONDAY | F1: Location: Winery | G1: Lockbox Code: | H1: SWC: Brian SDC: Dr. Bezzic | I1: x
B2: CALENDAR YEAR | C2: CALENDAR MONTH | E2: FIRST DAY OF WEEK
B3: {=TEXT(B4,"dddd")} -> Monday | C3: =TEXT(C4,"dddd") -> Tuesday | D3: =TEXT(D4,"dddd") -> Wednesday | E3: =TEXT(E4,"dddd") -> Thursday | F3: =TEXT(F4,"dddd") -> Friday | G3: =TEXT(G4,"dddd") -> Saturday | H3: =TEXT(H4,"dddd") -> Sunday
B4: {=DATE($B$1,MATCH(UPPER($C$1),{"JANUARY","FEBRUARY","MARCH","APRIL","MAY","JUNE","JULY","AUGUST","SEPTEMBER","OCTOBER","NOVEMBER","DECEMBER"},0),1)-MOD(WEEKDAY(DATE($B$1,MATCH(UPPER($C$1),{"JANUARY","FEBRUARY","MARCH","APRIL","MAY","JUNE","JULY","AUGUST","SEPTEMBER","OCTOBER","NOVEMBER","DECEMBER"},0),1),2)-MATCH(UPPER($E$1),{"MONDAY","TUESDAY","WEDNESDAY","THURSDAY","FRIDAY","SATURDAY","SUNDAY"},0),7)} -> 46174 | C4: =B4+1 -> 46175 | D4: =C4+1 -> 46176 | E4: =D4+1 -> 46177 | F4: =E4+1 -> 46178 | G4: =F4+1 -> 46179 | H4: =G4+1 -> 46180
B5: Tulloss | C5: Tulloss/Tolbirt | D5: Tulloss | E5: Tulloss | F5: Tolbirt | G5: Tolbirt/ Peng | H5: Tulloss
B6: Estrella | C6: Genesis | D6: Genesis | E6: Genesis | F6: Marissa | G6: Genesis | H6: Jaidyn
B7: {=B4+7} -> 46181 | C7: =C4+7 -> 46182 | D7: =D4+7 -> 46183 | E7: =E4+7 -> 46184 | F7: =F4+7 -> 46185 | G7: =G4+7 -> 46186 | H7: =H4+7 -> 46187
B8: Tulloss | C8: Tulloss/Tolbirt | D8: Tulloss | E8: Tulloss | F8: Tolbirt | G8: Tolbirt/Peng 10-12:30 | H8: Win
B9: Estrella | C9: Genesis | D9: Genesis | E9: Brian | F9: Genesis | G9: Madi | H9: WC Needed
B10: {=B7+7} -> 46188 | C10: =C7+7 -> 46189 | D10: =D7+7 -> 46190 | E10: =E7+7 -> 46191 | F10: =F7+7 -> 46192 | G10: =G7+7 -> 46193 | H10: =H7+7 -> 46194
B11: Tulloss | C11: Tulloss/Tolbirt | D11: Tulloss | E11: Tulloss | F11: Tolbirt | G11: Dr. Tolbirt | H11: CLOSED
B12: Estrella | C12: Genesis | D12: Genesis | E12: Genesis | F12: Genesis | G12: Genesis | H12: CLOSED
B13: {=B10+7} -> 46195 | C13: =C10+7 -> 46196 | D13: =D10+7 -> 46197 | E13: =E10+7 -> 46198 | F13: =F10+7 -> 46199 | G13: =G10+7 -> 46200 | H13: =H10+7 -> 46201
B14: Tulloss | C14: Tulloss/Tolbirt | D14: Tulloss | E14: Tulloss | F14: Tolbirt | G14: Tolbirt | H14: CLOSED
B15: Estrella | C15: Genesis | D15: Genesis | E15: Genesis | F15: Genesis | G15: Genesis | H15: CLOSED
B16: {=B13+7} -> 46202 | C16: =C13+7 -> 46203 | D16: =D13+7 -> 46204 | E16: =E13+7 -> 46205 | F16: =F13+7 -> 46206 | G16: =G13+7 -> 46207 | H16: =H13+7 -> 46208
B17: Tulloss | C17: Tulloss/Tolbirt
B18: Estrella | C18: Genesis
B19: {=B16+7} -> 46209 | C19: =C16+7 -> 46210 | D19: =D16+7 -> 46211 | E19: =E16+7 -> 46212 | F19: =F16+7 -> 46213 | G19: =G16+7 -> 46214 | H19: =H16+7 -> 46215
B23: =YEAR(TODAY()) -> 2026 | C23: JULY | E23: MONDAY | F23: Location: Winery | G23: Lockbox Code: | H23: SWC: Brian SDC: Dr. Bezzic | I23: x
B24: CALENDAR YEAR | C24: CALENDAR MONTH | E24: FIRST DAY OF WEEK
B25: =TEXT(B26,"dddd") -> Monday | C25: =TEXT(C26,"dddd") -> Tuesday | D25: =TEXT(D26,"dddd") -> Wednesday | E25: =TEXT(E26,"dddd") -> Thursday | F25: =TEXT(F26,"dddd") -> Friday | G25: =TEXT(G26,"dddd") -> Saturday | H25: =TEXT(H26,"dddd") -> Sunday
B26: {=DATE($B$23,MATCH(UPPER($C$23),{"JANUARY","FEBRUARY","MARCH","APRIL","MAY","JUNE","JULY","AUGUST","SEPTEMBER","OCTOBER","NOVEMBER","DECEMBER"},0),1)-MOD(WEEKDAY(DATE($B$23,MATCH(UPPER($C$23),{"JANUARY","FEBRUARY","MARCH","APRIL","MAY","JUNE","JULY","AUGUST","SEPTEMBER","OCTOBER","NOVEMBER","DECEMBER"},0),1),2)-MATCH(UPPER($E$23),{"MONDAY","TUESDAY","WEDNESDAY","THURSDAY","FRIDAY","SATURDAY","SUNDAY"},0),7)} -> 46202 | C26: =B26+1 -> 46203 | D26: =C26+1 -> 46204 | E26: =D26+1 -> 46205 | F26: =E26+1 -> 46206 | G26: =F26+1 -> 46207 | H26: =G26+1 -> 46208
D27: Tulloss | E27: Tulloss | F27: Tolbirt | G27: Closed | H27: CLOSED
D28: Genesis | E28: Genesis | F28: Genesis | G28: Closed | H28: CLOSED
B29: =B26+7 -> 46209 | C29: =C26+7 -> 46210 | D29: =D26+7 -> 46211 | E29: =E26+7 -> 46212 | F29: =F26+7 -> 46213 | G29: =G26+7 -> 46214 | H29: =H26+7 -> 46215
B30: Tulloss | C30: Tulloss/Tolbirt | D30: Tulloss | E30: Tulloss | F30: Tolbirt | G30: Tolbirt/DC Needed | H30: CLOSED
B31: Estrella | C31: Genesis | D31: Genesis | E31: Genesis | F31: Genesis | G31: Genesis | H31: CLOSED
B32: =B29+7 -> 46216 | C32: =C29+7 -> 46217 | D32: =D29+7 -> 46218 | E32: =E29+7 -> 46219 | F32: =F29+7 -> 46220 | G32: =G29+7 -> 46221 | H32: =H29+7 -> 46222
B33: Tulloss | C33: Tulloss/Tolbirt | D33: Tulloss | E33: Tulloss | F33: Tolbirt | G33: Tolbirt/DC Needed | H33: CLOSED
B34: Estrella | C34: Genesis | D34: Genesis | E34: Genesis | F34: Genesis | G34: Genesis | H34: CLOSED
B35: =B32+7 -> 46223 | C35: =C32+7 -> 46224 | D35: =D32+7 -> 46225 | E35: =E32+7 -> 46226 | F35: =F32+7 -> 46227 | G35: =G32+7 -> 46228 | H35: =H32+7 -> 46229
B36: Tulloss | C36: Tulloss/Tolbirt | D36: Tulloss | E36: Tulloss | F36: Tolbirt | G36: Tolbirt/Lam | H36: CLOSED
B37: Estrella | C37: Genesis | D37: Genesis | E37: Genesis | F37: Genesis | G37: Genesis | H37: CLOSED
B38: =B35+7 -> 46230 | C38: =C35+7 -> 46231 | D38: =D35+7 -> 46232 | E38: =E35+7 -> 46233 | F38: =F35+7 -> 46234 | G38: =G35+7 -> 46235 | H38: =H35+7 -> 46236
B39: Tulloss | C39: Tulloss/Tolbirt | D39: Tulloss | E39: Tulloss | F39: Tulloss
B40: Estrella | C40: Genesis | D40: Genesis | E40: Genesis | F40: Genesis
B41: =B38+7 -> 46237 | C41: =C38+7 -> 46238 | D41: =D38+7 -> 46239 | E41: =E38+7 -> 46240 | F41: =F38+7 -> 46241 | G41: =G38+7 -> 46242 | H41: =H38+7 -> 46243
B45: =YEAR(TODAY()) -> 2026 | C45: AUGUST | E45: MONDAY | F45: Location: Winery | G45: Lockbox Code: | H45: SWC: Brian SDC: Dr. Bezzic | I45: x
B46: CALENDAR YEAR | C46: CALENDAR MONTH | E46: FIRST DAY OF WEEK
B47: =TEXT(B48,"dddd") -> Monday | C47: =TEXT(C48,"dddd") -> Tuesday | D47: =TEXT(D48,"dddd") -> Wednesday | E47: =TEXT(E48,"dddd") -> Thursday | F47: =TEXT(F48,"dddd") -> Friday | G47: =TEXT(G48,"dddd") -> Saturday | H47: =TEXT(H48,"dddd") -> Sunday
B48: {=DATE($B$45,MATCH(UPPER($C$45),{"JANUARY","FEBRUARY","MARCH","APRIL","MAY","JUNE","JULY","AUGUST","SEPTEMBER","OCTOBER","NOVEMBER","DECEMBER"},0),1)-MOD(WEEKDAY(DATE($B$45,MATCH(UPPER($C$45),{"JANUARY","FEBRUARY","MARCH","APRIL","MAY","JUNE","JULY","AUGUST","SEPTEMBER","OCTOBER","NOVEMBER","DECEMBER"},0),1),2)-MATCH(UPPER($E$45),{"MONDAY","TUESDAY","WEDNESDAY","THURSDAY","FRIDAY","SATURDAY","SUNDAY"},0),7)} -> 46230 | C48: =B48+1 -> 46231 | D48: =C48+1 -> 46232 | E48: =D48+1 -> 46233 | F48: =E48+1 -> 46234 | G48: =F48+1 -> 46235 | H48: =G48+1 -> 46236
G49: Tolbirt/Lam | H49: CLOSED
G50: Genesis | H50: CLOSED
B51: =B48+7 -> 46237 | C51: =C48+7 -> 46238 | D51: =D48+7 -> 46239 | E51: =E48+7 -> 46240 | F51: =F48+7 -> 46241 | G51: =G48+7 -> 46242 | H51: =H48+7 -> 46243
B52: Tulloss | C52: Tulloss/Tolbirt | D52: Tulloss | E52: Tulloss | F52: Tolbirt | G52: Tolbirt/Lam | H52: CLOSED
B53: Estrella | C53: Genesis | D53: Genesis | E53: Genesis | F53: Genesis | G53: Genesis | H53: CLOSED
B54: =B51+7 -> 46244 | C54: =C51+7 -> 46245 | D54: =D51+7 -> 46246 | E54: =E51+7 -> 46247 | F54: =F51+7 -> 46248 | G54: =G51+7 -> 46249 | H54: =H51+7 -> 46250
B55: Tulloss | C55: Tulloss/Tolbirt | D55: Tulloss | E55: Tulloss | F55: Tolbirt | G55: Tolbirt/Lam | H55: CLOSED
B56: Estrella | C56: Genesis | D56: Genesis | E56: Genesis | F56: Genesis | G56: Genesis | H56: CLOSED
B57: =B54+7 -> 46251 | C57: =C54+7 -> 46252 | D57: =D54+7 -> 46253 | E57: =E54+7 -> 46254 | F57: =F54+7 -> 46255 | G57: =G54+7 -> 46256 | H57: =H54+7 -> 46257
B58: Tulloss | C58: Tulloss/Tolbirt | D58: Tulloss | E58: Tulloss | F58: Tolbirt | G58: Tolbirt/Lam | H58: CLOSED
B59: Estrella | C59: Genesis | D59: Genesis | E59: Genesis | F59: Genesis | G59: Genesis | H59: CLOSED
B60: =B57+7 -> 46258 | C60: =C57+7 -> 46259 | D60: =D57+7 -> 46260 | E60: =E57+7 -> 46261 | F60: =F57+7 -> 46262 | G60: =G57+7 -> 46263 | H60: =H57+7 -> 46264
B61: Tulloss | C61: Tulloss/Tolbirt | D61: Tulloss | E61: Tulloss | F61: Tolbirt | G61: Tolbirt/Lam | H61: CLOSED
B62: Estrella | C62: Genesis | D62: Genesis | E62: Genesis | F62: Genesis | G62: Genesis | H62: CLOSED
B63: =B60+7 -> 46265 | C63: =C60+7 -> 46266 | D63: =D60+7 -> 46267 | E63: =E60+7 -> 46268 | F63: =F60+7 -> 46269 | G63: =G60+7 -> 46270 | H63: =H60+7 -> 46271
B64: Tulloss
B65: Estrella

Sheet So Co
B1: =YEAR(TODAY()) -> 2026 | C1: JUNE | E1: MONDAY | F1: Location: South Corona | G1: Lockbox Code: | H1: SWC: Brian SDC: Dr. Bezzic | I1: x
B2: CALENDAR YEAR | C2: CALENDAR MONTH | E2: FIRST DAY OF WEEK
B3: {=TEXT(B4,"dddd")} -> Monday | C3: =TEXT(C4,"dddd") -> Tuesday | D3: =TEXT(D4,"dddd") -> Wednesday | E3: =TEXT(E4,"dddd") -> Thursday | F3: =TEXT(F4,"dddd") -> Friday | G3: =TEXT(G4,"dddd") -> Saturday | H3: =TEXT(H4,"dddd") -> Sunday
B4: {=DATE($B$1,MATCH(UPPER($C$1),{"JANUARY","FEBRUARY","MARCH","APRIL","MAY","JUNE","JULY","AUGUST","SEPTEMBER","OCTOBER","NOVEMBER","DECEMBER"},0),1)-MOD(WEEKDAY(DATE($B$1,MATCH(UPPER($C$1),{"JANUARY","FEBRUARY","MARCH","APRIL","MAY","JUNE","JULY","AUGUST","SEPTEMBER","OCTOBER","NOVEMBER","DECEMBER"},0),1),2)-MATCH(UPPER($E$1),{"MONDAY","TUESDAY","WEDNESDAY","THURSDAY","FRIDAY","SATURDAY","SUNDAY"},0),7)} -> 46174 | C4: =B4+1 -> 46175 | D4: =C4+1 -> 46176 | E4: =D4+1 -> 46177 | F4: =E4+1 -> 46178 | G4: =F4+1 -> 46179 | H4: =G4+1 -> 46180
B5: Dr. Lam | C5: Dr.K | D5: Lam | E5: Peng | F5: Lam | G5: Lam | H5: Closed
B6: Mel | C6: Mel | D6: Mel | E6: Mel | F6: Estrella | G6: Mel | H6: Closed
B7: {=B4+7} -> 46181 | C7: =C4+7 -> 46182 | D7: =D4+7 -> 46183 | E7: =E4+7 -> 46184 | F7: =F4+7 -> 46185 | G7: =G4+7 -> 46186 | H7: =H4+7 -> 46187
B8: Dr. Lam | C8: Dr.K | D8: Lam | E8: Lam | F8: Dr.K | G8: Lam | H8: Closed
B9: Mel | C9: Mel | D9: Mel | E9: Mel | F9: Estrella | G9: Esterlla 10-1/ WC Needed Afternoon | H9: Closed
B10: {=B7+7} -> 46188 | C10: =C7+7 -> 46189 | D10: =D7+7 -> 46190 | E10: =E7+7 -> 46191 | F10: =F7+7 -> 46192 | G10: =G7+7 -> 46193 | H10: =H7+7 -> 46194
B11: Dr.K | C11: Dr.K | D11: Lam | E11: Lam | F11: Dr.K | G11: Chapman | H11: Closed
B12: Mel | C12: Mel | D12: Mel | E12: Mel | F12: Estrella | G12: Mel | H12: Closed
B13: {=B10+7} -> 46195 | C13: =C10+7 -> 46196 | D13: =D10+7 -> 46197 | E13: =E10+7 -> 46198 | F13: =F10+7 -> 46199 | G13: =G10+7 -> 46200 | H13: =H10+7 -> 46201
B14: DC Needed | C14: Dr.K | D14: DC Needed | E14: Peng | F14: Dr.K | G14: Dr. K | H14: Closed
B15: Mel | C15: Mel | D15: Mel | E15: Mel | F15: Estrella | G15: Mel | H15: Closed
B16: {=B13+7} -> 46202 | C16: =C13+7 -> 46203 | D16: =D13+7 -> 46204 | E16: =E13+7 -> 46205 | F16: =F13+7 -> 46206 | G16: =G13+7 -> 46207 | H16: =H13+7 -> 46208
B17: Dr. K | C17: Dr.K | H17: Closed
B18: Mel | C18: Mel | H18: Closed
B19: {=B16+7} -> 46209 | C19: =C16+7 -> 46210 | D19: =D16+7 -> 46211 | E19: =E16+7 -> 46212 | F19: =F16+7 -> 46213 | G19: =G16+7 -> 46214 | H19: =H16+7 -> 46215
B23: =YEAR(TODAY()) -> 2026 | C23: JULY | E23: MONDAY | F23: Location: South Corona | G23: Lockbox Code: | H23: SWC: Brian SDC: Dr. Bezzic | I23: x
B24: CALENDAR YEAR | C24: CALENDAR MONTH | E24: FIRST DAY OF WEEK
B25: =TEXT(B26,"dddd") -> Monday | C25: =TEXT(C26,"dddd") -> Tuesday | D25: =TEXT(D26,"dddd") -> Wednesday | E25: =TEXT(E26,"dddd") -> Thursday | F25: =TEXT(F26,"dddd") -> Friday | G25: =TEXT(G26,"dddd") -> Saturday | H25: =TEXT(H26,"dddd") -> Sunday
B26: {=DATE($B$23,MATCH(UPPER($C$23),{"JANUARY","FEBRUARY","MARCH","APRIL","MAY","JUNE","JULY","AUGUST","SEPTEMBER","OCTOBER","NOVEMBER","DECEMBER"},0),1)-MOD(WEEKDAY(DATE($B$23,MATCH(UPPER($C$23),{"JANUARY","FEBRUARY","MARCH","APRIL","MAY","JUNE","JULY","AUGUST","SEPTEMBER","OCTOBER","NOVEMBER","DECEMBER"},0),1),2)-MATCH(UPPER($E$23),{"MONDAY","TUESDAY","WEDNESDAY","THURSDAY","FRIDAY","SATURDAY","SUNDAY"},0),7)} -> 46202 | C26: =B26+1 -> 46203 | D26: =C26+1 -> 46204 | E26: =D26+1 -> 46205 | F26: =E26+1 -> 46206 | G26: =F26+1 -> 46207 | H26: =G26+1 -> 46208
D27: DC Needed | E27: Peng | F27: Dr.K | G27: Closed | H27: CLOSED
D28: Mel | E28: Mel | F28: Estrella | G28: Closed | H28: CLOSED
B29: =B26+7 -> 46209 | C29: =C26+7 -> 46210 | D29: =D26+7 -> 46211 | E29: =E26+7 -> 46212 | F29: =F26+7 -> 46213 | G29: =G26+7 -> 46214 | H29: =H26+7 -> 46215
B30: Andres | C30: Dr.K | D30: Andres | E30: Andres | F30: Dr.K | G30: Dr. K | H30: Closed
B31: Mel | C31: Mel | D31: Mel | E31: Mel | F31: Estrella | G31: Mel | H31: Closed
B32: =B29+7 -> 46216 | C32: =C29+7 -> 46217 | D32: =D29+7 -> 46218 | E32: =E29+7 -> 46219 | F32: =F29+7 -> 46220 | G32: =G29+7 -> 46221 | H32: =H29+7 -> 46222
B33: Andres | C33: Dr.K | D33: Andres | E33: Andres | F33: Dr.K | G33: Dr. K | H33: Closed
B34: Mel | C34: Mel | D34: Mel | E34: Mel | F34: Estrella | G34: Mel | H34: Closed
B35: =B32+7 -> 46223 | C35: =C32+7 -> 46224 | D35: =D32+7 -> 46225 | E35: =E32+7 -> 46226 | F35: =F32+7 -> 46227 | G35: =G32+7 -> 46228 | H35: =H32+7 -> 46229
B36: Andres | C36: Dr.K | D36: Andres | E36: Andres | F36: Dr.K | G36: Dr. K | H36: Closed
B37: Mel | C37: Mel | D37: Mel | E37: Mel | F37: Estrella | G37: WC Needed | H37: Closed
B38: =B35+7 -> 46230 | C38: =C35+7 -> 46231 | D38: =D35+7 -> 46232 | E38: =E35+7 -> 46233 | F38: =F35+7 -> 46234 | G38: =G35+7 -> 46235 | H38: =H35+7 -> 46236
B39: Andres | C39: Dr.K | D39: Andres | E39: Andres | F39: Dr.K
B40: WC Needed | C40: Mel | D40: Mel | E40: Mel | F40: Estrella
B41: =B38+7 -> 46237 | C41: =C38+7 -> 46238 | D41: =D38+7 -> 46239 | E41: =E38+7 -> 46240 | F41: =F38+7 -> 46241 | G41: =G38+7 -> 46242 | H41: =H38+7 -> 46243
B45: =YEAR(TODAY()) -> 2026 | C45: AUGUST | E45: MONDAY | F45: Location: South Corona | G45: Lockbox Code: | H45: SWC: Brian SDC: Dr. Bezzic | I45: x
B46: CALENDAR YEAR | C46: CALENDAR MONTH | E46: FIRST DAY OF WEEK
B47: =TEXT(B48,"dddd") -> Monday | C47: =TEXT(C48,"dddd") -> Tuesday | D47: =TEXT(D48,"dddd") -> Wednesday | E47: =TEXT(E48,"dddd") -> Thursday | F47: =TEXT(F48,"dddd") -> Friday | G47: =TEXT(G48,"dddd") -> Saturday | H47: =TEXT(H48,"dddd") -> Sunday
B48: {=DATE($B$45,MATCH(UPPER($C$45),{"JANUARY","FEBRUARY","MARCH","APRIL","MAY","JUNE","JULY","AUGUST","SEPTEMBER","OCTOBER","NOVEMBER","DECEMBER"},0),1)-MOD(WEEKDAY(DATE($B$45,MATCH(UPPER($C$45),{"JANUARY","FEBRUARY","MARCH","APRIL","MAY","JUNE","JULY","AUGUST","SEPTEMBER","OCTOBER","NOVEMBER","DECEMBER"},0),1),2)-MATCH(UPPER($E$45),{"MONDAY","TUESDAY","WEDNESDAY","THURSDAY","FRIDAY","SATURDAY","SUNDAY"},0),7)} -> 46230 | C48: =B48+1 -> 46231 | D48: =C48+1 -> 46232 | E48: =D48+1 -> 46233 | F48: =E48+1 -> 46234 | G48: =F48+1 -> 46235 | H48: =G48+1 -> 46236
G49: Dr. K | H49: CLOSED
G50: Mel | H50: CLOSED
B51: =B48+7 -> 46237 | C51: =C48+7 -> 46238 | D51: =D48+7 -> 46239 | E51: =E48+7 -> 46240 | F51: =F48+7 -> 46241 | G51: =G48+7 -> 46242 | H51: =H48+7 -> 46243
B52: Andres | C52: Dr.K | D52: Andres | E52: Andres | F52: Dr.K | G52: Dr. K | H52: Closed
B53: Mel | C53: Mel | D53: Mel | E53: Mel | F53: Estrella | G53: Mel | H53: Closed
B54: =B51+7 -> 46244 | C54: =C51+7 -> 46245 | D54: =D51+7 -> 46246 | E54: =E51+7 -> 46247 | F54: =F51+7 -> 46248 | G54: =G51+7 -> 46249 | H54: =H51+7 -> 46250
B55: Andres | C55: Dr.K | D55: Andres | E55: Andres | F55: Dr.K | G55: Dr. K | H55: Closed
B56: Mel | C56: Mel | D56: Mel | E56: Mel | F56: Estrella | G56: Mel | H56: Closed
B57: =B54+7 -> 46251 | C57: =C54+7 -> 46252 | D57: =D54+7 -> 46253 | E57: =E54+7 -> 46254 | F57: =F54+7 -> 46255 | G57: =G54+7 -> 46256 | H57: =H54+7 -> 46257
B58: Andres | C58: Dr.K | D58: Andres | E58: Andres | F58: Dr.K | G58: Dr. K | H58: Closed
B59: Mel | C59: Mel | D59: Mel | E59: Mel | F59: Estrella | G59: Mel | H59: Closed
B60: =B57+7 -> 46258 | C60: =C57+7 -> 46259 | D60: =D57+7 -> 46260 | E60: =E57+7 -> 46261 | F60: =F57+7 -> 46262 | G60: =G57+7 -> 46263 | H60: =H57+7 -> 46264
B61: Andres | C61: Dr.K | D61: Andres | E61: Andres | F61: Dr.K | G61: Dr. K | H61: Closed
B62: Mel | C62: Mel | D62: Mel | E62: Mel | F62: Estrella | G62: Mel | H62: Closed
B63: =B60+7 -> 46265 | C63: =C60+7 -> 46266 | D63: =D60+7 -> 46267 | E63: =E60+7 -> 46268 | F63: =F60+7 -> 46269 | G63: =G60+7 -> 46270 | H63: =H60+7 -> 46271
B64: Andres
B65: Mel

Sheet Mission Hills
B1: =YEAR(TODAY()) -> 2026 | C1: JUNE | E1: MONDAY | F1: Location: Mission Hills | G1: Lockbox Code: | H1: SWC: Kathy SDC: Dr. Dalton | I1: x
B2: CALENDAR YEAR | C2: CALENDAR MONTH | E2: FIRST DAY OF WEEK
B3: {=TEXT(B4,"dddd")} -> Monday | C3: =TEXT(C4,"dddd") -> Tuesday | D3: =TEXT(D4,"dddd") -> Wednesday | E3: =TEXT(E4,"dddd") -> Thursday | F3: =TEXT(F4,"dddd") -> Friday | G3: =TEXT(G4,"dddd") -> Saturday | H3: =TEXT(H4,"dddd") -> Sunday
B4: {=DATE($B$1,MATCH(UPPER($C$1),{"JANUARY","FEBRUARY","MARCH","APRIL","MAY","JUNE","JULY","AUGUST","SEPTEMBER","OCTOBER","NOVEMBER","DECEMBER"},0),1)-MOD(WEEKDAY(DATE($B$1,MATCH(UPPER($C$1),{"JANUARY","FEBRUARY","MARCH","APRIL","MAY","JUNE","JULY","AUGUST","SEPTEMBER","OCTOBER","NOVEMBER","DECEMBER"},0),1),2)-MATCH(UPPER($E$1),{"MONDAY","TUESDAY","WEDNESDAY","THURSDAY","FRIDAY","SATURDAY","SUNDAY"},0),7)} -> 46174 | C4: =B4+1 -> 46175 | D4: =C4+1 -> 46176 | E4: =D4+1 -> 46177 | F4: =E4+1 -> 46178 | G4: =F4+1 -> 46179 | H4: =G4+1 -> 46180
B5: Wafers | C5: Muzsnai | D5: Muzsnai | E5: Muzsnai | F5: Wafers | G5: Wafers | H5: Closed
B6: Laura | C6: WC Needed | D6: Dania | E6: WC NO SHOW | F6: Laura | G6: Carol | H6: Closed
B7: {=B4+7} -> 46181 | C7: =C4+7 -> 46182 | D7: =D4+7 -> 46183 | E7: =E4+7 -> 46184 | F7: =F4+7 -> 46185 | G7: =G4+7 -> 46186 | H7: =H4+7 -> 46187
B8: Wafers | C8: Muzsnai | D8: Muzsnai | E8: Muzsnai | F8: Wafers | G8: Wafers | H8: Closed
B9: Melissa | C9: Melissa | D9: Laura (morning)/Adriana (afternoon) | E9: Laura (morning)/Adriana (afternoon) | F9: Adriana | G9: Adriana | H9: Closed
B10: {=B7+7} -> 46188 | C10: =C7+7 -> 46189 | D10: =D7+7 -> 46190 | E10: =E7+7 -> 46191 | F10: =F7+7 -> 46192 | G10: =G7+7 -> 46193 | H10: =H7+7 -> 46194
B11: Wafers | C11: Muzsnai | D11: Muzsnai | E11: Muzsnai | F11: Wafers | G11: Wafers | H11: Closed
B12: Laura | C12: Melissa | D12: Laura (morning)/Adriana (afternoon) | E12: Laura (morning)/Adriana (afternoon) | F12: Adriana | G12: Adriana | H12: Closed
B13: {=B10+7} -> 46195 | C13: =C10+7 -> 46196 | D13: =D10+7 -> 46197 | E13: =E10+7 -> 46198 | F13: =F10+7 -> 46199 | G13: =G10+7 -> 46200 | H13: =H10+7 -> 46201
B14: Wafers | C14: Muzsnai | D14: Muzsnai | E14: Muzsnai | F14: DC Needed | G14: DC Needed | H14: Closed
B15: Laura | C15: Melissa | D15: Laura (morning)/Adriana (afternoon) | E15: Laura (morning)/Adriana (afternoon) | F15: Adriana | G15: Adriana | H15: Closed
B16: {=B13+7} -> 46202 | C16: =C13+7 -> 46203 | D16: =D13+7 -> 46204 | E16: =E13+7 -> 46205 | F16: =F13+7 -> 46206 | G16: =G13+7 -> 46207 | H16: =H13+7 -> 46208
B17: Wafers | C17: Muzsnai
B18: Laura | C18: Melissa
B19: {=B16+7} -> 46209 | C19: =C16+7 -> 46210 | D19: =D16+7 -> 46211 | E19: =E16+7 -> 46212 | F19: =F16+7 -> 46213 | G19: =G16+7 -> 46214 | H19: =H16+7 -> 46215
B23: =YEAR(TODAY()) -> 2026 | C23: JULY | E23: MONDAY | F23: Location: Mission Hills | G23: Lockbox Code: | H23: SWC: Kathy SDC: Dr. Dalton | I23: x
B24: CALENDAR YEAR | C24: CALENDAR MONTH | E24: FIRST DAY OF WEEK
B25: =TEXT(B26,"dddd") -> Monday | C25: =TEXT(C26,"dddd") -> Tuesday | D25: =TEXT(D26,"dddd") -> Wednesday | E25: =TEXT(E26,"dddd") -> Thursday | F25: =TEXT(F26,"dddd") -> Friday | G25: =TEXT(G26,"dddd") -> Saturday | H25: =TEXT(H26,"dddd") -> Sunday
B26: {=DATE($B$23,MATCH(UPPER($C$23),{"JANUARY","FEBRUARY","MARCH","APRIL","MAY","JUNE","JULY","AUGUST","SEPTEMBER","OCTOBER","NOVEMBER","DECEMBER"},0),1)-MOD(WEEKDAY(DATE($B$23,MATCH(UPPER($C$23),{"JANUARY","FEBRUARY","MARCH","APRIL","MAY","JUNE","JULY","AUGUST","SEPTEMBER","OCTOBER","NOVEMBER","DECEMBER"},0),1),2)-MATCH(UPPER($E$23),{"MONDAY","TUESDAY","WEDNESDAY","THURSDAY","FRIDAY","SATURDAY","SUNDAY"},0),7)} -> 46202 | C26: =B26+1 -> 46203 | D26: =C26+1 -> 46204 | E26: =D26+1 -> 46205 | F26: =E26+1 -> 46206 | G26: =F26+1 -> 46207 | H26: =G26+1 -> 46208
D27: Muzsnai | E27: Muzsnai | F27: Wafers | G27: CLOSED | H27: CLOSED
D28: Melissa | E28: Melissa (morning)/Adriana (afternoon) | F28: Adriana | G28: CLOSED | H28: CLOSED
B29: =B26+7 -> 46209 | C29: =C26+7 -> 46210 | D29: =D26+7 -> 46211 | E29: =E26+7 -> 46212 | F29: =F26+7 -> 46213 | G29: =G26+7 -> 46214 | H29: =H26+7 -> 46215
B30: Wafers | C30: Muzsnai | D30: Muzsnai | E30: Muzsnai | F30: Wafers | G30: Wafers | H30: Closed
B31: Laura | C31: Melissa (morning)/Adriana (afternoon) | D31: Melissa | E31: Melissa (morning)/Adriana (afternoon) | F31: Adriana | G31: Adriana | H31: Closed
B32: =B29+7 -> 46216 | C32: =C29+7 -> 46217 | D32: =D29+7 -> 46218 | E32: =E29+7 -> 46219 | F32: =F29+7 -> 46220 | G32: =G29+7 -> 46221 | H32: =H29+7 -> 46222
B33: Wafers | C33: Muzsnai | D33: Muzsnai | E33: Muzsnai | F33: Wafers | G33: Wafers | H33: Closed
B34: Laura | C34: Melissa (morning)/Adriana (afternoon) | D34: Melissa | E34: Melissa (morning)/Adriana (afternoon) | F34: Adriana | G34: Adriana | H34: Closed
B35: =B32+7 -> 46223 | C35: =C32+7 -> 46224 | D35: =D32+7 -> 46225 | E35: =E32+7 -> 46226 | F35: =F32+7 -> 46227 | G35: =G32+7 -> 46228 | H35: =H32+7 -> 46229
B36: Wafers | C36: Muzsnai | D36: Muzsnai | E36: Muzsnai | F36: Wafers | G36: Wafers | H36: Closed
B37: Laura | C37: Melissa (morning)/Adriana (afternoon) | D37: Melissa | E37: Melissa (morning)/Adriana (afternoon) | F37: Adriana | G37: Adriana | H37: Closed
B38: =B35+7 -> 46230 | C38: =C35+7 -> 46231 | D38: =D35+7 -> 46232 | E38: =E35+7 -> 46233 | F38: =F35+7 -> 46234 | G38: =G35+7 -> 46235 | H38: =H35+7 -> 46236
B39: Wafers | C39: Muzsnai | D39: Muzsnai | E39: Muzsnai | F39: Dr. Wafers
B40: Laura | C40: Melissa (morning)/Adriana (afternoon) | D40: Melissa | E40: Melissa (morning)/Adriana (afternoon) | F40: Adriana
B41: =B38+7 -> 46237 | C41: =C38+7 -> 46238 | D41: =D38+7 -> 46239 | E41: =E38+7 -> 46240 | F41: =F38+7 -> 46241 | G41: =G38+7 -> 46242 | H41: =H38+7 -> 46243
B45: =YEAR(TODAY()) -> 2026 | C45: AUGUST | E45: MONDAY | F45: Location: Mission Hills | G45: Lockbox Code: | H45: SWC: Kathy SDC: Dr. Dalton | I45: x
B46: CALENDAR YEAR | C46: CALENDAR MONTH | E46: FIRST DAY OF WEEK
B47: =TEXT(B48,"dddd") -> Monday | C47: =TEXT(C48,"dddd") -> Tuesday | D47: =TEXT(D48,"dddd") -> Wednesday | E47: =TEXT(E48,"dddd") -> Thursday | F47: =TEXT(F48,"dddd") -> Friday | G47: =TEXT(G48,"dddd") -> Saturday | H47: =TEXT(H48,"dddd") -> Sunday
B48: {=DATE($B$45,MATCH(UPPER($C$45),{"JANUARY","FEBRUARY","MARCH","APRIL","MAY","JUNE","JULY","AUGUST","SEPTEMBER","OCTOBER","NOVEMBER","DECEMBER"},0),1)-MOD(WEEKDAY(DATE($B$45,MATCH(UPPER($C$45),{"JANUARY","FEBRUARY","MARCH","APRIL","MAY","JUNE","JULY","AUGUST","SEPTEMBER","OCTOBER","NOVEMBER","DECEMBER"},0),1),2)-MATCH(UPPER($E$45),{"MONDAY","TUESDAY","WEDNESDAY","THURSDAY","FRIDAY","SATURDAY","SUNDAY"},0),7)} -> 46230 | C48: =B48+1 -> 46231 | D48: =C48+1 -> 46232 | E48: =D48+1 -> 46233 | F48: =E48+1 -> 46234 | G48: =F48+1 -> 46235 | H48: =G48+1 -> 46236
G49: Wafers | H49: CLOSED
G50: Adriana | H50: CLOSED
B51: =B48+7 -> 46237 | C51: =C48+7 -> 46238 | D51: =D48+7 -> 46239 | E51: =E48+7 -> 46240 | F51: =F48+7 -> 46241 | G51: =G48+7 -> 46242 | H51: =H48+7 -> 46243
B52: Wafers | C52: Muzsnai | D52: Muzsnai | E52: Muzsnai | F52: Wafers | G52: Wafers | H52: Closed
B53: Laura | C53: Melissa (morning)/Adriana (afternoon) | D53: Melissa | E53: Melissa (morning)/Adriana (afternoon) | F53: Adriana | G53: Adriana | H53: Closed
B54: =B51+7 -> 46244 | C54: =C51+7 -> 46245 | D54: =D51+7 -> 46246 | E54: =E51+7 -> 46247 | F54: =F51+7 -> 46248 | G54: =G51+7 -> 46249 | H54: =H51+7 -> 46250
B55: Wafers | C55: Muzsnai | D55: Muzsnai | E55: Muzsnai | F55: Wafers | G55: Wafers | H55: Closed
B56: Laura | C56: Melissa (morning)/Adriana (afternoon) | D56: Melissa | E56: Melissa (morning)/Adriana (afternoon) | F56: Adriana | G56: Adriana | H56: Closed
B57: =B54+7 -> 46251 | C57: =C54+7 -> 46252 | D57: =D54+7 -> 46253 | E57: =E54+7 -> 46254 | F57: =F54+7 -> 46255 | G57: =G54+7 -> 46256 | H57: =H54+7 -> 46257
B58: Wafers | C58: Muzsnai | D58: Muzsnai | E58: Muzsnai | F58: Wafers | G58: Wafers | H58: Closed
B59: Laura | C59: Melissa (morning)/Adriana (afternoon) | D59: Melissa | E59: Melissa (morning)/Adriana (afternoon) | F59: Adriana | G59: Adriana | H59: Closed
B60: =B57+7 -> 46258 | C60: =C57+7 -> 46259 | D60: =D57+7 -> 46260 | E60: =E57+7 -> 46261 | F60: =F57+7 -> 46262 | G60: =G57+7 -> 46263 | H60: =H57+7 -> 46264
B61: Wafers | C61: Muzsnai | D61: Muzsnai | E61: Muzsnai | F61: Wafers | G61: Wafers | H61: Closed
B62: Laura | C62: Melissa (morning)/Adriana (afternoon) | D62: Melissa | E62: Melissa (morning)/Adriana (afternoon) | F62: Adriana | G62: Adriana | H62: Closed
B63: =B60+7 -> 46265 | C63: =C60+7 -> 46266 | D63: =D60+7 -> 46267 | E63: =E60+7 -> 46268 | F63: =F60+7 -> 46269 | G63: =G60+7 -> 46270 | H63: =H60+7 -> 46271
B64: Wafers
B65: Laura

Sheet Azusa
B1: =YEAR(TODAY()) -> 2026 | C1: JUNE | E1: MONDAY | F1: Location: Azusa | G1: Lockbox Code: | H1: SWC: Kathy SDC: Dr. Bezzic?? | I1: x
B2: CALENDAR YEAR | C2: CALENDAR MONTH | E2: FIRST DAY OF WEEK
B3: {=TEXT(B4,"dddd")} -> Monday | C3: =TEXT(C4,"dddd") -> Tuesday | D3: =TEXT(D4,"dddd") -> Wednesday | E3: =TEXT(E4,"dddd") -> Thursday | F3: =TEXT(F4,"dddd") -> Friday | G3: =TEXT(G4,"dddd") -> Saturday | H3: =TEXT(H4,"dddd") -> Sunday
B4: {=DATE($B$1,MATCH(UPPER($C$1),{"JANUARY","FEBRUARY","MARCH","APRIL","MAY","JUNE","JULY","AUGUST","SEPTEMBER","OCTOBER","NOVEMBER","DECEMBER"},0),1)-MOD(WEEKDAY(DATE($B$1,MATCH(UPPER($C$1),{"JANUARY","FEBRUARY","MARCH","APRIL","MAY","JUNE","JULY","AUGUST","SEPTEMBER","OCTOBER","NOVEMBER","DECEMBER"},0),1),2)-MATCH(UPPER($E$1),{"MONDAY","TUESDAY","WEDNESDAY","THURSDAY","FRIDAY","SATURDAY","SUNDAY"},0),7)} -> 46174 | C4: =B4+1 -> 46175 | D4: =C4+1 -> 46176 | E4: =D4+1 -> 46177 | F4: =E4+1 -> 46178 | G4: =F4+1 -> 46179 | H4: =G4+1 -> 46180
B5: Lundin | C5: Gee | D5: Lundin | E5: Gee | F5: Lundin | G5: Ly | H5: Lundin
B6: Doug | C6: Doug | D6: Doug | E6: Juan | F6: Juan | G6: Doug | H6: Juan
B7: {=B4+7} -> 46181 | C7: =C4+7 -> 46182 | D7: =D4+7 -> 46183 | E7: =E4+7 -> 46184 | F7: =F4+7 -> 46185 | G7: =G4+7 -> 46186 | H7: =H4+7 -> 46187
B8: Lundin | C8: Gee | D8: Lundin | E8: Gee | F8: Ludin | G8: Ly | H8: CLOSED
B9: Doug | C9: Doug | D9: Doug | E9: Juan | F9: Juan | G9: Doug | H9: CLOSED
B10: {=B7+7} -> 46188 | C10: =C7+7 -> 46189 | D10: =D7+7 -> 46190 | E10: =E7+7 -> 46191 | F10: =F7+7 -> 46192 | G10: =G7+7 -> 46193 | H10: =H7+7 -> 46194
B11: Lundin | C11: Gee | D11: Gee | E11: Lundin | F11: Lundin | G11: Ly | H11: CLOSED
B12: Doug | C12: Doug | D12: Doug | E12: Juan | F12: Juan | G12: Doug | H12: CLOSED
B13: {=B10+7} -> 46195 | C13: =C10+7 -> 46196 | D13: =D10+7 -> 46197 | E13: =E10+7 -> 46198 | F13: =F10+7 -> 46199 | G13: =G10+7 -> 46200 | H13: =H10+7 -> 46201
B14: Lundin | C14: Gee | D14: Lundin | E14: Gee | F14: Lundin | G14: Ly | H14: CLOSED
B15: Doug | C15: Doug | D15: Doug | E15: Juan | F15: Juan | G15: Doug | H15: CLOSED
B16: {=B13+7} -> 46202 | C16: =C13+7 -> 46203 | D16: =D13+7 -> 46204 | E16: =E13+7 -> 46205 | F16: =F13+7 -> 46206 | G16: =G13+7 -> 46207 | H16: =H13+7 -> 46208
B17: Lundin | C17: Gee
B18: Doug | C18: Doug
B19: {=B16+7} -> 46209 | C19: =C16+7 -> 46210 | D19: =D16+7 -> 46211 | E19: =E16+7 -> 46212 | F19: =F16+7 -> 46213 | G19: =G16+7 -> 46214 | H19: =H16+7 -> 46215
B23: =YEAR(TODAY()) -> 2026 | C23: JULY | E23: MONDAY | F23: Location: Azusa | G23: Lockbox Code: | H23: SWC: Kathy SDC: Dr. Bezzic?? | I23: x
B24: CALENDAR YEAR | C24: CALENDAR MONTH | E24: FIRST DAY OF WEEK
B25: =TEXT(B26,"dddd") -> Monday | C25: =TEXT(C26,"dddd") -> Tuesday | D25: =TEXT(D26,"dddd") -> Wednesday | E25: =TEXT(E26,"dddd") -> Thursday | F25: =TEXT(F26,"dddd") -> Friday | G25: =TEXT(G26,"dddd") -> Saturday | H25: =TEXT(H26,"dddd") -> Sunday
B26: {=DATE($B$23,MATCH(UPPER($C$23),{"JANUARY","FEBRUARY","MARCH","APRIL","MAY","JUNE","JULY","AUGUST","SEPTEMBER","OCTOBER","NOVEMBER","DECEMBER"},0),1)-MOD(WEEKDAY(DATE($B$23,MATCH(UPPER($C$23),{"JANUARY","FEBRUARY","MARCH","APRIL","MAY","JUNE","JULY","AUGUST","SEPTEMBER","OCTOBER","NOVEMBER","DECEMBER"},0),1),2)-MATCH(UPPER($E$23),{"MONDAY","TUESDAY","WEDNESDAY","THURSDAY","FRIDAY","SATURDAY","SUNDAY"},0),7)} -> 46202 | C26: =B26+1 -> 46203 | D26: =C26+1 -> 46204 | E26: =D26+1 -> 46205 | F26: =E26+1 -> 46206 | G26: =F26+1 -> 46207 | H26: =G26+1 -> 46208
D27: Lundin | E27: Gee | F27: Lundin | G27: CLOSED | H27: CLOSED
D28: Doug | E28: Juan | F28: Juan | G28: CLOSED | H28: CLOSED
B29: =B26+7 -> 46209 | C29: =C26+7 -> 46210 | D29: =D26+7 -> 46211 | E29: =E26+7 -> 46212 | F29: =F26+7 -> 46213 | G29: =G26+7 -> 46214 | H29: =H26+7 -> 46215
B30: Lundin | C30: Gee | D30: Lundin | E30: Gee | F30: Lundin | G30: Ly | H30: Closed
B31: Doug | C31: Doug | D31: Doug | E31: Juan | F31: Juan | G31: Doug | H31: Closed
B32: =B29+7 -> 46216 | C32: =C29+7 -> 46217 | D32: =D29+7 -> 46218 | E32: =E29+7 -> 46219 | F32: =F29+7 -> 46220 | G32: =G29+7 -> 46221 | H32: =H29+7 -> 46222
B33: Lundin | C33: Gee | D33: Lundin | E33: Gee | F33: Lundin | G33: Ly | H33: Closed
B34: Doug | C34: Doug | D34: Doug | E34: Juan | F34: Juan | G34: Doug | H34: Closed
B35: =B32+7 -> 46223 | C35: =C32+7 -> 46224 | D35: =D32+7 -> 46225 | E35: =E32+7 -> 46226 | F35: =F32+7 -> 46227 | G35: =G32+7 -> 46228 | H35: =H32+7 -> 46229
B36: Lundin | C36: Gee | D36: Lundin | E36: Gee | F36: Lundin | G36: Ly | H36: Closed
B37: Doug | C37: Doug | D37: Doug | E37: Juan | F37: Juan | G37: Doug | H37: Closed
B38: =B35+7 -> 46230 | C38: =C35+7 -> 46231 | D38: =D35+7 -> 46232 | E38: =E35+7 -> 46233 | F38: =F35+7 -> 46234 | G38: =G35+7 -> 46235 | H38: =H35+7 -> 46236
B39: Lundin | C39: Gee | D39: Lundin | E39: Gee | F39: Lundin
B40: Doug | C40: Doug | D40: Doug | E40: Juan | F40: Juan
B41: =B38+7 -> 46237 | C41: =C38+7 -> 46238 | D41: =D38+7 -> 46239 | E41: =E38+7 -> 46240 | F41: =F38+7 -> 46241 | G41: =G38+7 -> 46242 | H41: =H38+7 -> 46243
B45: =YEAR(TODAY()) -> 2026 | C45: AUGUST | E45: MONDAY | F45: Location: Azusa | G45: Lockbox Code: | H45: SWC: Kathy SDC: Dr. Bezzic?? | I45: x
B46: CALENDAR YEAR | C46: CALENDAR MONTH | E46: FIRST DAY OF WEEK
B47: =TEXT(B48,"dddd") -> Monday | C47: =TEXT(C48,"dddd") -> Tuesday | D47: =TEXT(D48,"dddd") -> Wednesday | E47: =TEXT(E48,"dddd") -> Thursday | F47: =TEXT(F48,"dddd") -> Friday | G47: =TEXT(G48,"dddd") -> Saturday | H47: =TEXT(H48,"dddd") -> Sunday
B48: {=DATE($B$45,MATCH(UPPER($C$45),{"JANUARY","FEBRUARY","MARCH","APRIL","MAY","JUNE","JULY","AUGUST","SEPTEMBER","OCTOBER","NOVEMBER","DECEMBER"},0),1)-MOD(WEEKDAY(DATE($B$45,MATCH(UPPER($C$45),{"JANUARY","FEBRUARY","MARCH","APRIL","MAY","JUNE","JULY","AUGUST","SEPTEMBER","OCTOBER","NOVEMBER","DECEMBER"},0),1),2)-MATCH(UPPER($E$45),{"MONDAY","TUESDAY","WEDNESDAY","THURSDAY","FRIDAY","SATURDAY","SUNDAY"},0),7)} -> 46230 | C48: =B48+1 -> 46231 | D48: =C48+1 -> 46232 | E48: =D48+1 -> 46233 | F48: =E48+1 -> 46234 | G48: =F48+1 -> 46235 | H48: =G48+1 -> 46236
G49: Ly | H49: Closed
G50: Doug | H50: Closed
B51: =B48+7 -> 46237 | C51: =C48+7 -> 46238 | D51: =D48+7 -> 46239 | E51: =E48+7 -> 46240 | F51: =F48+7 -> 46241 | G51: =G48+7 -> 46242 | H51: =H48+7 -> 46243
B52: Lundin | C52: Gee | D52: Lundin | E52: Gee | F52: Lundin | G52: Ly | H52: Closed
B53: Doug | C53: Doug | D53: Doug | E53: Juan | F53: Juan | G53: Doug | H53: Closed
B54: =B51+7 -> 46244 | C54: =C51+7 -> 46245 | D54: =D51+7 -> 46246 | E54: =E51+7 -> 46247 | F54: =F51+7 -> 46248 | G54: =G51+7 -> 46249 | H54: =H51+7 -> 46250
B55: Lundin | C55: Gee | D55: Lundin | E55: Gee | F55: Lundin | G55: Ly | H55: Closed
B56: Doug | C56: Doug | D56: Doug | E56: Juan | F56: Juan | G56: Doug | H56: Closed
B57: =B54+7 -> 46251 | C57: =C54+7 -> 46252 | D57: =D54+7 -> 46253 | E57: =E54+7 -> 46254 | F57: =F54+7 -> 46255 | G57: =G54+7 -> 46256 | H57: =H54+7 -> 46257
B58: Lundin | C58: Gee | D58: Lundin | E58: Gee | F58: Lundin | G58: Ly | H58: Closed
B59: Doug | C59: Doug | D59: Doug | E59: Juan | F59: Juan | G59: Doug | H59: Closed
B60: =B57+7 -> 46258 | C60: =C57+7 -> 46259 | D60: =D57+7 -> 46260 | E60: =E57+7 -> 46261 | F60: =F57+7 -> 46262 | G60: =G57+7 -> 46263 | H60: =H57+7 -> 46264
B61: Lundin | C61: Gee | D61: Lundin | E61: Gee | F61: Lundin | G61: Ly | H61: Closed
B62: Doug | C62: Doug | D62: Doug | E62: Juan | F62: Juan | G62: Doug | H62: Closed
B63: =B60+7 -> 46265 | C63: =C60+7 -> 46266 | D63: =D60+7 -> 46267 | E63: =E60+7 -> 46268 | F63: =F60+7 -> 46269 | G63: =G60+7 -> 46270 | H63: =H60+7 -> 46271
B64: Lundin
B65: Doug

Sheet Northridge
B1: =YEAR(TODAY()) -> 2026 | C1: JUNE | E1: MONDAY | F1: Location: Northridge | G1: Lockbox Code: | H1: SWC: Kathy SDC: Dr. Dalton | I1: x
B2: CALENDAR YEAR | C2: CALENDAR MONTH | E2: FIRST DAY OF WEEK
B3: {=TEXT(B4,"dddd")} -> Monday | C3: =TEXT(C4,"dddd") -> Tuesday | D3: =TEXT(D4,"dddd") -> Wednesday | E3: =TEXT(E4,"dddd") -> Thursday | F3: =TEXT(F4,"dddd") -> Friday | G3: =TEXT(G4,"dddd") -> Saturday | H3: =TEXT(H4,"dddd") -> Sunday
B4: {=DATE($B$1,MATCH(UPPER($C$1),{"JANUARY","FEBRUARY","MARCH","APRIL","MAY","JUNE","JULY","AUGUST","SEPTEMBER","OCTOBER","NOVEMBER","DECEMBER"},0),1)-MOD(WEEKDAY(DATE($B$1,MATCH(UPPER($C$1),{"JANUARY","FEBRUARY","MARCH","APRIL","MAY","JUNE","JULY","AUGUST","SEPTEMBER","OCTOBER","NOVEMBER","DECEMBER"},0),1),2)-MATCH(UPPER($E$1),{"MONDAY","TUESDAY","WEDNESDAY","THURSDAY","FRIDAY","SATURDAY","SUNDAY"},0),7)} -> 46174 | C4: =B4+1 -> 46175 | D4: =C4+1 -> 46176 | E4: =D4+1 -> 46177 | F4: =E4+1 -> 46178 | G4: =F4+1 -> 46179 | H4: =G4+1 -> 46180
B5: Dalton | C5: Dalton | D5: Dalton | E5: Kalapp | F5: Kalapp | G5: Kalapp | H5: Dalton
B6: Kathy | C6: Kathy | D6: Kathy | E6: Kathy | F6: Kathy | G6: Melissa | H6: Melissa
B7: {=B4+7} -> 46181 | C7: =C4+7 -> 46182 | D7: =D4+7 -> 46183 | E7: =E4+7 -> 46184 | F7: =F4+7 -> 46185 | G7: =G4+7 -> 46186 | H7: =H4+7 -> 46187
B8: Kalapp | C8: Kalapp | D8: Kalapp | E8: Dalton | F8: Carrillo | G8: Carrillo | H8: Dalton
B9: Kathy | C9: Kathy | D9: Kathy | E9: Kathy | F9: Laura | G9: Melissa | H9: Matt
B10: {=B7+7} -> 46188 | C10: =C7+7 -> 46189 | D10: =D7+7 -> 46190 | E10: =E7+7 -> 46191 | F10: =F7+7 -> 46192 | G10: =G7+7 -> 46193 | H10: =H7+7 -> 46194
B11: Dalton | C11: Kalapp | D11: Kalapp | E11: Kalapp | F11: Kalapp | G11: Kalapp | H11: Dalton
B12: Kathy | C12: Kathy | D12: Laura | E12: Kathy | F12: Kathy | G12: Melissa | H12: Matt
B13: {=B10+7} -> 46195 | C13: =C10+7 -> 46196 | D13: =D10+7 -> 46197 | E13: =E10+7 -> 46198 | F13: =F10+7 -> 46199 | G13: =G10+7 -> 46200 | H13: =H10+7 -> 46201
B14: Kalapp | C14: Kalapp | D14: Kalapp | E14: Dalton | F14: Carrillo | G14: Carrillo | H14: Dalton
B15: Kathy | C15: Kathy | D15: Melissa | E15: Bella | F15: Bella | G15: Laura | H15: Matt
B16: {=B13+7} -> 46202 | C16: =C13+7 -> 46203 | D16: =D13+7 -> 46204 | E16: =E13+7 -> 46205 | F16: =F13+7 -> 46206 | G16: =G13+7 -> 46207 | H16: =H13+7 -> 46208
B17: Muzsnai | C17: Kalapp
B18: Kathy | C18: Kathy
B19: {=B16+7} -> 46209 | C19: =C16+7 -> 46210 | D19: =D16+7 -> 46211 | E19: =E16+7 -> 46212 | F19: =F16+7 -> 46213 | G19: =G16+7 -> 46214 | H19: =H16+7 -> 46215
B23: =YEAR(TODAY()) -> 2026 | C23: JULY | E23: MONDAY | F23: Location: Northridge | G23: Lockbox Code: | H23: SWC: Kathy SDC: Dr. Dalton | I23: x
B24: CALENDAR YEAR | C24: CALENDAR MONTH | E24: FIRST DAY OF WEEK
B25: =TEXT(B26,"dddd") -> Monday | C25: =TEXT(C26,"dddd") -> Tuesday | D25: =TEXT(D26,"dddd") -> Wednesday | E25: =TEXT(E26,"dddd") -> Thursday | F25: =TEXT(F26,"dddd") -> Friday | G25: =TEXT(G26,"dddd") -> Saturday | H25: =TEXT(H26,"dddd") -> Sunday
B26: {=DATE($B$23,MATCH(UPPER($C$23),{"JANUARY","FEBRUARY","MARCH","APRIL","MAY","JUNE","JULY","AUGUST","SEPTEMBER","OCTOBER","NOVEMBER","DECEMBER"},0),1)-MOD(WEEKDAY(DATE($B$23,MATCH(UPPER($C$23),{"JANUARY","FEBRUARY","MARCH","APRIL","MAY","JUNE","JULY","AUGUST","SEPTEMBER","OCTOBER","NOVEMBER","DECEMBER"},0),1),2)-MATCH(UPPER($E$23),{"MONDAY","TUESDAY","WEDNESDAY","THURSDAY","FRIDAY","SATURDAY","SUNDAY"},0),7)} -> 46202 | C26: =B26+1 -> 46203 | D26: =C26+1 -> 46204 | E26: =D26+1 -> 46205 | F26: =E26+1 -> 46206 | G26: =F26+1 -> 46207 | H26: =G26+1 -> 46208
D27: Kalapp | E27: Kalapp | F27: Kalapp | G27: Closed | H27: Dalton
D28: Bella | E28: Kathy | F28: Melissa | G28: Closed | H28: Matt
B29: =B26+7 -> 46209 | C29: =C26+7 -> 46210 | D29: =D26+7 -> 46211 | E29: =E26+7 -> 46212 | F29: =F26+7 -> 46213 | G29: =G26+7 -> 46214 | H29: =H26+7 -> 46215
B30: Dalton | C30: Kalapp | D30: Kalapp | E30: Kalapp | F30: Kalapp | G30: Kalapp | H30: Dalton
B31: Bella | C31: Kathy | D31: Bella | E31: Kathy | F31: Bella | G31: Melissa | H31: Matt
B32: =B29+7 -> 46216 | C32: =C29+7 -> 46217 | D32: =D29+7 -> 46218 | E32: =E29+7 -> 46219 | F32: =F29+7 -> 46220 | G32: =G29+7 -> 46221 | H32: =H29+7 -> 46222
B33: Dalton | C33: Kalapp | D33: Kalapp | E33: Kalapp | F33: Kalapp | G33: Dr. Carrillo | H33: Dalton
B34: Bella | C34: Kathy | D34: Bella | E34: Kathy | F34: Bella | G34: Melissa | H34: Matt
B35: =B32+7 -> 46223 | C35: =C32+7 -> 46224 | D35: =D32+7 -> 46225 | E35: =E32+7 -> 46226 | F35: =F32+7 -> 46227 | G35: =G32+7 -> 46228 | H35: =H32+7 -> 46229
B36: Dalton | C36: Kalapp | D36: Kalapp | E36: Kalapp | F36: Kalapp | G36: Carrillo | H36: Dalton
B37: Bella | C37: Kathy | D37: Bella | E37: Kathy | F37: Bella | G37: Bella | H37: Matt
B38: =B35+7 -> 46230 | C38: =C35+7 -> 46231 | D38: =D35+7 -> 46232 | E38: =E35+7 -> 46233 | F38: =F35+7 -> 46234 | G38: =G35+7 -> 46235 | H38: =H35+7 -> 46236
B39: Dalton | C39: Kalapp | D39: Kalapp | E39: Kalapp | F39: Kalapp
B40: Bella | C40: Kathy | D40: Bella | E40: Kathy | F40: Bella
B41: =B38+7 -> 46237 | C41: =C38+7 -> 46238 | D41: =D38+7 -> 46239 | E41: =E38+7 -> 46240 | F41: =F38+7 -> 46241 | G41: =G38+7 -> 46242 | H41: =H38+7 -> 46243
B45: =YEAR(TODAY()) -> 2026 | C45: AUGUST | E45: MONDAY | F45: Location: Northridge | G45: Lockbox Code: | H45: SWC: Kathy SDC: Dr. Dalton | I45: x
B46: CALENDAR YEAR | C46: CALENDAR MONTH | E46: FIRST DAY OF WEEK
B47: =TEXT(B48,"dddd") -> Monday | C47: =TEXT(C48,"dddd") -> Tuesday | D47: =TEXT(D48,"dddd") -> Wednesday | E47: =TEXT(E48,"dddd") -> Thursday | F47: =TEXT(F48,"dddd") -> Friday | G47: =TEXT(G48,"dddd") -> Saturday | H47: =TEXT(H48,"dddd") -> Sunday
B48: {=DATE($B$45,MATCH(UPPER($C$45),{"JANUARY","FEBRUARY","MARCH","APRIL","MAY","JUNE","JULY","AUGUST","SEPTEMBER","OCTOBER","NOVEMBER","DECEMBER"},0),1)-MOD(WEEKDAY(DATE($B$45,MATCH(UPPER($C$45),{"JANUARY","FEBRUARY","MARCH","APRIL","MAY","JUNE","JULY","AUGUST","SEPTEMBER","OCTOBER","NOVEMBER","DECEMBER"},0),1),2)-MATCH(UPPER($E$45),{"MONDAY","TUESDAY","WEDNESDAY","THURSDAY","FRIDAY","SATURDAY","SUNDAY"},0),7)} -> 46230 | C48: =B48+1 -> 46231 | D48: =C48+1 -> 46232 | E48: =D48+1 -> 46233 | F48: =E48+1 -> 46234 | G48: =F48+1 -> 46235 | H48: =G48+1 -> 46236
G49: Carrillo | H49: Dalton
G50: Melissa | H50: Matt
B51: =B48+7 -> 46237 | C51: =C48+7 -> 46238 | D51: =D48+7 -> 46239 | E51: =E48+7 -> 46240 | F51: =F48+7 -> 46241 | G51: =G48+7 -> 46242 | H51: =H48+7 -> 46243
B52: Dalton | C52: Kalapp | D52: Kalapp | E52: Kalapp | F52: Kalapp | G52: Carrillo | H52: Dalton
B53: Bella | C53: Kathy | D53: Bella | E53: Kathy | F53: Bella | G53: Melissa | H53: Matt
B54: =B51+7 -> 46244 | C54: =C51+7 -> 46245 | D54: =D51+7 -> 46246 | E54: =E51+7 -> 46247 | F54: =F51+7 -> 46248 | G54: =G51+7 -> 46249 | H54: =H51+7 -> 46250
B55: Dalton | C55: Kalapp | D55: Kalapp | E55: Kalapp | F55: Kalapp | G55: Carrillo | H55: Dalton
B56: Bella | C56: Kathy | D56: Bella | E56: Kathy | F56: Bella | G56: Melissa | H56: Matt
B57: =B54+7 -> 46251 | C57: =C54+7 -> 46252 | D57: =D54+7 -> 46253 | E57: =E54+7 -> 46254 | F57: =F54+7 -> 46255 | G57: =G54+7 -> 46256 | H57: =H54+7 -> 46257
B58: Dalton | C58: Kalapp | D58: Kalapp | E58: Kalapp | F58: Kalapp | G58: Carrillo | H58: Dalton
B59: Bella | C59: Kathy | D59: Bella | E59: Kathy | F59: Bella | G59: Melissa | H59: Matt
B60: =B57+7 -> 46258 | C60: =C57+7 -> 46259 | D60: =D57+7 -> 46260 | E60: =E57+7 -> 46261 | F60: =F57+7 -> 46262 | G60: =G57+7 -> 46263 | H60: =H57+7 -> 46264
B61: Dalton | C61: Kalapp | D61: Kalapp | E61: Kalapp | F61: Kalapp | G61: Carrillo | H61: Dalton
B62: Bella | C62: Kathy | D62: Bella | E62: Kathy | F62: Bella | G62: Melissa | H62: Matt
B63: =B60+7 -> 46265 | C63: =C60+7 -> 46266 | D63: =D60+7 -> 46267 | E63: =E60+7 -> 46268 | F63: =F60+7 -> 46269 | G63: =G60+7 -> 46270 | H63: =H60+7 -> 46271
B64: Dalton
B65: Kathy

Sheet Porter Ranch
B1: =YEAR(TODAY()) -> 2026 | C1: JUNE | E1: MONDAY | F1: Location: Porter Ranch | G1: Lockbox Code: | H1: SWC: Kathy SDC: Dr. Dalton | I1: x
B2: CALENDAR YEAR | C2: CALENDAR MONTH | E2: FIRST DAY OF WEEK
B3: {=TEXT(B4,"dddd")} -> Monday | C3: =TEXT(C4,"dddd") -> Tuesday | D3: =TEXT(D4,"dddd") -> Wednesday | E3: =TEXT(E4,"dddd") -> Thursday | F3: =TEXT(F4,"dddd") -> Friday | G3: =TEXT(G4,"dddd") -> Saturday | H3: =TEXT(H4,"dddd") -> Sunday
B4: {=DATE($B$1,MATCH(UPPER($C$1),{"JANUARY","FEBRUARY","MARCH","APRIL","MAY","JUNE","JULY","AUGUST","SEPTEMBER","OCTOBER","NOVEMBER","DECEMBER"},0),1)-MOD(WEEKDAY(DATE($B$1,MATCH(UPPER($C$1),{"JANUARY","FEBRUARY","MARCH","APRIL","MAY","JUNE","JULY","AUGUST","SEPTEMBER","OCTOBER","NOVEMBER","DECEMBER"},0),1),2)-MATCH(UPPER($E$1),{"MONDAY","TUESDAY","WEDNESDAY","THURSDAY","FRIDAY","SATURDAY","SUNDAY"},0),7)} -> 46174 | C4: =B4+1 -> 46175 | D4: =C4+1 -> 46176 | E4: =D4+1 -> 46177 | F4: =E4+1 -> 46178 | G4: =F4+1 -> 46179 | H4: =G4+1 -> 46180
B5: Salehi | C5: Salehi/Muzsnai | D5: Archer | E5: Archer | F5: Archer | G5: Archer | H5: Dalton
B6: Rebeca | C6: Rebeca | D6: Rebeca | E6: Rebeca | F6: Rebeca | G6: Angela | H6: Melissa
B7: {=B4+7} -> 46181 | C7: =C4+7 -> 46182 | D7: =D4+7 -> 46183 | E7: =E4+7 -> 46184 | F7: =F4+7 -> 46185 | G7: =G4+7 -> 46186 | H7: =H4+7 -> 46187
B8: Salehi/Muzsnai | C8: Archer | D8: Archer | E8: Archer | F8: Archer | G8: Archer | H8: Salehi/Muzsnai
B9: Rebeca | C9: Rebeca | D9: Rebeca | E9: Rebeca | F9: Rebeca | G9: Angela | H9: Angela
B10: {=B7+7} -> 46188 | C10: =C7+7 -> 46189 | D10: =D7+7 -> 46190 | E10: =E7+7 -> 46191 | F10: =F7+7 -> 46192 | G10: =G7+7 -> 46193 | H10: =H7+7 -> 46194
B11: Salehi/Muzsnai | C11: Archer | D11: Archer | E11: Archer | F11: Archer | G11: Archer | H11: Salehi/Muzsnai
B12: Rebeca | C12: Rebeca | D12: Rebeca | E12: Rebeca | F12: Rebeca | G12: Leigha | H12: Melia
B13: {=B10+7} -> 46195 | C13: =C10+7 -> 46196 | D13: =D10+7 -> 46197 | E13: =E10+7 -> 46198 | F13: =F10+7 -> 46199 | G13: =G10+7 -> 46200 | H13: =H10+7 -> 46201
B14: Salehi/Muzsnai | C14: Archer | D14: Archer | E14: Archer | F14: Archer | G14: Archer | H14: Salehi/Muzsnai
B15: Rebeca | C15: Rebeca | D15: Rebeca | E15: Rebeca | F15: Rebeca | G15: Angela | H15: Angela
B16: {=B13+7} -> 46202 | C16: =C13+7 -> 46203 | D16: =D13+7 -> 46204 | E16: =E13+7 -> 46205 | F16: =F13+7 -> 46206 | G16: =G13+7 -> 46207 | H16: =H13+7 -> 46208
B17: Salehi | C17: Archer
B18: Rebecca | C18: Rebecca
B19: {=B16+7} -> 46209 | C19: =C16+7 -> 46210 | D19: =D16+7 -> 46211 | E19: =E16+7 -> 46212 | F19: =F16+7 -> 46213 | G19: =G16+7 -> 46214 | H19: =H16+7 -> 46215
B23: =YEAR(TODAY()) -> 2026 | C23: JULY | E23: MONDAY | F23: Location: Porter Ranch | G23: Lockbox Code: | H23: SWC: Kathy SDC: Dr. Dalton | I23: x
B24: CALENDAR YEAR | C24: CALENDAR MONTH | E24: FIRST DAY OF WEEK
B25: =TEXT(B26,"dddd") -> Monday | C25: =TEXT(C26,"dddd") -> Tuesday | D25: =TEXT(D26,"dddd") -> Wednesday | E25: =TEXT(E26,"dddd") -> Thursday | F25: =TEXT(F26,"dddd") -> Friday | G25: =TEXT(G26,"dddd") -> Saturday | H25: =TEXT(H26,"dddd") -> Sunday
B26: {=DATE($B$23,MATCH(UPPER($C$23),{"JANUARY","FEBRUARY","MARCH","APRIL","MAY","JUNE","JULY","AUGUST","SEPTEMBER","OCTOBER","NOVEMBER","DECEMBER"},0),1)-MOD(WEEKDAY(DATE($B$23,MATCH(UPPER($C$23),{"JANUARY","FEBRUARY","MARCH","APRIL","MAY","JUNE","JULY","AUGUST","SEPTEMBER","OCTOBER","NOVEMBER","DECEMBER"},0),1),2)-MATCH(UPPER($E$23),{"MONDAY","TUESDAY","WEDNESDAY","THURSDAY","FRIDAY","SATURDAY","SUNDAY"},0),7)} -> 46202 | C26: =B26+1 -> 46203 | D26: =C26+1 -> 46204 | E26: =D26+1 -> 46205 | F26: =E26+1 -> 46206 | G26: =F26+1 -> 46207 | H26: =G26+1 -> 46208
D27: Archer | E27: Archer | F27: Archer | G27: CLOSED | H27: Salehi/Muzsnai
D28: Rebecca | E28: Rebecca | F28: Rebeca | G28: CLOSED | H28: Angela
B29: =B26+7 -> 46209 | C29: =C26+7 -> 46210 | D29: =D26+7 -> 46211 | E29: =E26+7 -> 46212 | F29: =F26+7 -> 46213 | G29: =G26+7 -> 46214 | H29: =H26+7 -> 46215
B30: Salehi/Muzsnai | C30: Archer | D30: Archer | E30: Archer | F30: Archer | G30: Archer | H30: Salehi/Muzsnai
B31: Rebecca | C31: Rebecca | D31: Rebecca | E31: Rebecca | F31: Rebeca | G31: Angela | H31: Angela
B32: =B29+7 -> 46216 | C32: =C29+7 -> 46217 | D32: =D29+7 -> 46218 | E32: =E29+7 -> 46219 | F32: =F29+7 -> 46220 | G32: =G29+7 -> 46221 | H32: =H29+7 -> 46222
B33: Salehi/Muzsnai | C33: Archer | D33: Archer | E33: Archer | F33: Archer | G33: Archer | H33: Salehi/Muzsnai
B34: Rebecca | C34: Rebecca | D34: Rebecca | E34: Rebecca | F34: Rebeca | G34: Angela | H34: Angela
B35: =B32+7 -> 46223 | C35: =C32+7 -> 46224 | D35: =D32+7 -> 46225 | E35: =E32+7 -> 46226 | F35: =F32+7 -> 46227 | G35: =G32+7 -> 46228 | H35: =H32+7 -> 46229
B36: Salehi/Muzsnai | C36: Archer | D36: Archer | E36: Archer | F36: Archer | G36: Archer | H36: Salehi/Muzsnai
B37: Rebecca | C37: Rebecca | D37: Rebecca | E37: Rebecca | F37: Rebeca | G37: Angela | H37: Angela
B38: =B35+7 -> 46230 | C38: =C35+7 -> 46231 | D38: =D35+7 -> 46232 | E38: =E35+7 -> 46233 | F38: =F35+7 -> 46234 | G38: =G35+7 -> 46235 | H38: =H35+7 -> 46236
B39: Salehi/Muzsnai | C39: Archer | D39: Archer | E39: Archer | F39: Archer
B40: Rebecca | C40: Rebecca | D40: Rebecca | E40: Rebecca | F40: Rebecca
B41: =B38+7 -> 46237 | C41: =C38+7 -> 46238 | D41: =D38+7 -> 46239 | E41: =E38+7 -> 46240 | F41: =F38+7 -> 46241 | G41: =G38+7 -> 46242 | H41: =H38+7 -> 46243
B45: =YEAR(TODAY()) -> 2026 | C45: AUGUST | E45: MONDAY | F45: Location: Porter Ranch | G45: Lockbox Code: | H45: SWC: Kathy SDC: Dr. Dalton | I45: x
B46: CALENDAR YEAR | C46: CALENDAR MONTH | E46: FIRST DAY OF WEEK
B47: =TEXT(B48,"dddd") -> Monday | C47: =TEXT(C48,"dddd") -> Tuesday | D47: =TEXT(D48,"dddd") -> Wednesday | E47: =TEXT(E48,"dddd") -> Thursday | F47: =TEXT(F48,"dddd") -> Friday | G47: =TEXT(G48,"dddd") -> Saturday | H47: =TEXT(H48,"dddd") -> Sunday
B48: {=DATE($B$45,MATCH(UPPER($C$45),{"JANUARY","FEBRUARY","MARCH","APRIL","MAY","JUNE","JULY","AUGUST","SEPTEMBER","OCTOBER","NOVEMBER","DECEMBER"},0),1)-MOD(WEEKDAY(DATE($B$45,MATCH(UPPER($C$45),{"JANUARY","FEBRUARY","MARCH","APRIL","MAY","JUNE","JULY","AUGUST","SEPTEMBER","OCTOBER","NOVEMBER","DECEMBER"},0),1),2)-MATCH(UPPER($E$45),{"MONDAY","TUESDAY","WEDNESDAY","THURSDAY","FRIDAY","SATURDAY","SUNDAY"},0),7)} -> 46230 | C48: =B48+1 -> 46231 | D48: =C48+1 -> 46232 | E48: =D48+1 -> 46233 | F48: =E48+1 -> 46234 | G48: =F48+1 -> 46235 | H48: =G48+1 -> 46236
G49: Archer | H49: Salehi/Muzsnai
G50: Angela | H50: Angela
B51: =B48+7 -> 46237 | C51: =C48+7 -> 46238 | D51: =D48+7 -> 46239 | E51: =E48+7 -> 46240 | F51: =F48+7 -> 46241 | G51: =G48+7 -> 46242 | H51: =H48+7 -> 46243
B52: Salehi/Muzsnai | C52: Archer | D52: Archer | E52: Archer | F52: Archer | G52: Archer | H52: Salehi/Muzsnai
B53: Rebecca | C53: Rebecca | D53: Rebecca | E53: Rebecca | F53: Rebeca | G53: Angela | H53: Angela
B54: =B51+7 -> 46244 | C54: =C51+7 -> 46245 | D54: =D51+7 -> 46246 | E54: =E51+7 -> 46247 | F54: =F51+7 -> 46248 | G54: =G51+7 -> 46249 | H54: =H51+7 -> 46250
B55: Salehi/Muzsnai | C55: Archer | D55: Archer | E55: Archer | F55: Archer | G55: Archer | H55: Salehi/Muzsnai
B56: Rebecca | C56: Rebecca | D56: Rebecca | E56: Rebecca | F56: Rebeca | G56: Angela | H56: Angela
B57: =B54+7 -> 46251 | C57: =C54+7 -> 46252 | D57: =D54+7 -> 46253 | E57: =E54+7 -> 46254 | F57: =F54+7 -> 46255 | G57: =G54+7 -> 46256 | H57: =H54+7 -> 46257
B58: Salehi/Muzsnai | C58: Archer | D58: Archer | E58: Archer | F58: Archer | G58: Archer | H58: Salehi/Muzsnai
B59: Rebecca | C59: Rebecca | D59: Rebecca | E59: Rebecca | F59: Rebeca | G59: Angela | H59: Angela
B60: =B57+7 -> 46258 | C60: =C57+7 -> 46259 | D60: =D57+7 -> 46260 | E60: =E57+7 -> 46261 | F60: =F57+7 -> 46262 | G60: =G57+7 -> 46263 | H60: =H57+7 -> 46264
B61: Salehi/Muzsnai | C61: Archer | D61: Archer | E61: Archer | F61: Archer | G61: Archer | H61: Salehi/Muzsnai
B62: Rebecca | C62: Rebecca | D62: Rebecca | E62: Rebecca | F62: Rebeca | G62: Angela | H62: Angela
B63: =B60+7 -> 46265 | C63: =C60+7 -> 46266 | D63: =D60+7 -> 46267 | E63: =E60+7 -> 46268 | F63: =F60+7 -> 46269 | G63: =G60+7 -> 46270 | H63: =H60+7 -> 46271
B64: Salehi/Muzsnai
B65: Rebecca

Sheet Valencia
B1: =YEAR(TODAY()) -> 2026 | C1: JUNE | E1: MONDAY | F1: Location: Valencia | G1: Lockbox Code: | H1: SWC: Kathy SDC: Dr. Dalton | I1: x
B2: CALENDAR YEAR | C2: CALENDAR MONTH | E2: FIRST DAY OF WEEK
B3: {=TEXT(B4,"dddd")} -> Monday | C3: =TEXT(C4,"dddd") -> Tuesday | D3: =TEXT(D4,"dddd") -> Wednesday | E3: =TEXT(E4,"dddd") -> Thursday | F3: =TEXT(F4,"dddd") -> Friday | G3: =TEXT(G4,"dddd") -> Saturday | H3: =TEXT(H4,"dddd") -> Sunday
B4: {=DATE($B$1,MATCH(UPPER($C$1),{"JANUARY","FEBRUARY","MARCH","APRIL","MAY","JUNE","JULY","AUGUST","SEPTEMBER","OCTOBER","NOVEMBER","DECEMBER"},0),1)-MOD(WEEKDAY(DATE($B$1,MATCH(UPPER($C$1),{"JANUARY","FEBRUARY","MARCH","APRIL","MAY","JUNE","JULY","AUGUST","SEPTEMBER","OCTOBER","NOVEMBER","DECEMBER"},0),1),2)-MATCH(UPPER($E$1),{"MONDAY","TUESDAY","WEDNESDAY","THURSDAY","FRIDAY","SATURDAY","SUNDAY"},0),7)} -> 46174 | C4: =B4+1 -> 46175 | D4: =C4+1 -> 46176 | E4: =D4+1 -> 46177 | F4: =E4+1 -> 46178 | G4: =F4+1 -> 46179 | H4: =G4+1 -> 46180
B5: Muzsnai | C5: Hilquist | D5: Hilquist | E5: Hilquist | F5: Hilquist | G5: Hilquist | H5: Closed
B6: Melia | C6: Matt | D6: Melia | E6: Melissa | F6: Matt | G6: Matt | H6: Closed
B7: {=B4+7} -> 46181 | C7: =C4+7 -> 46182 | D7: =D4+7 -> 46183 | E7: =E4+7 -> 46184 | F7: =F4+7 -> 46185 | G7: =G4+7 -> 46186 | H7: =H4+7 -> 46187
B8: Fantasia | C8: Hilquist | D8: Hilquist | E8: Hilquist | F8: Hilquist | G8: Hilquist | H8: Closed
B9: Melia | C9: Matt | D9: Melia | E9: Melia | F9: Matt | G9: Matt | H9: Closed
B10: {=B7+7} -> 46188 | C10: =C7+7 -> 46189 | D10: =D7+7 -> 46190 | E10: =E7+7 -> 46191 | F10: =F7+7 -> 46192 | G10: =G7+7 -> 46193 | H10: =H7+7 -> 46194
B11: Fantasia | C11: Hilquist | D11: Hilquist | E11: Hilquist | F11: Hilquist | G11: Hilquist | H11: Closed
B12: Melia | C12: Matt | D12: Melia | E12: Melia | F12: Matt | G12: Matt | H12: Closed
B13: {=B10+7} -> 46195 | C13: =C10+7 -> 46196 | D13: =D10+7 -> 46197 | E13: =E10+7 -> 46198 | F13: =F10+7 -> 46199 | G13: =G10+7 -> 46200 | H13: =H10+7 -> 46201
B14: Fantasia | C14: Hilquist | D14: Hilquist | E14: Hilquist | F14: Hilquist | G14: Hilquist | H14: Closed
B15: Melia | C15: Matt | D15: Melia | E15: Melia | F15: Matt | G15: Matt | H15: Closed
B16: {=B13+7} -> 46202 | C16: =C13+7 -> 46203 | D16: =D13+7 -> 46204 | E16: =E13+7 -> 46205 | F16: =F13+7 -> 46206 | G16: =G13+7 -> 46207 | H16: =H13+7 -> 46208
B17: Fantasia | C17: Hilquist
B18: Melia | C18: Matt
B19: {=B16+7} -> 46209 | C19: =C16+7 -> 46210 | D19: =D16+7 -> 46211 | E19: =E16+7 -> 46212 | F19: =F16+7 -> 46213 | G19: =G16+7 -> 46214 | H19: =H16+7 -> 46215
B23: =YEAR(TODAY()) -> 2026 | C23: JULY | E23: MONDAY | F23: Location: Valencia | G23: Lockbox Code: | H23: SWC: Kathy SDC: Dr. Dalton | I23: x
B24: CALENDAR YEAR | C24: CALENDAR MONTH | E24: FIRST DAY OF WEEK
B25: =TEXT(B26,"dddd") -> Monday | C25: =TEXT(C26,"dddd") -> Tuesday | D25: =TEXT(D26,"dddd") -> Wednesday | E25: =TEXT(E26,"dddd") -> Thursday | F25: =TEXT(F26,"dddd") -> Friday | G25: =TEXT(G26,"dddd") -> Saturday | H25: =TEXT(H26,"dddd") -> Sunday
B26: {=DATE($B$23,MATCH(UPPER($C$23),{"JANUARY","FEBRUARY","MARCH","APRIL","MAY","JUNE","JULY","AUGUST","SEPTEMBER","OCTOBER","NOVEMBER","DECEMBER"},0),1)-MOD(WEEKDAY(DATE($B$23,MATCH(UPPER($C$23),{"JANUARY","FEBRUARY","MARCH","APRIL","MAY","JUNE","JULY","AUGUST","SEPTEMBER","OCTOBER","NOVEMBER","DECEMBER"},0),1),2)-MATCH(UPPER($E$23),{"MONDAY","TUESDAY","WEDNESDAY","THURSDAY","FRIDAY","SATURDAY","SUNDAY"},0),7)} -> 46202 | C26: =B26+1 -> 46203 | D26: =C26+1 -> 46204 | E26: =D26+1 -> 46205 | F26: =E26+1 -> 46206 | G26: =F26+1 -> 46207 | H26: =G26+1 -> 46208
D27: Hilquist | E27: Hilquist | F27: Hilquist | G27: Closed | H27: Closed
D28: Melia | E28: Melia | F28: Matt | G28: Closed | H28: Closed
B29: =B26+7 -> 46209 | C29: =C26+7 -> 46210 | D29: =D26+7 -> 46211 | E29: =E26+7 -> 46212 | F29: =F26+7 -> 46213 | G29: =G26+7 -> 46214 | H29: =H26+7 -> 46215
B30: Fantasia | C30: Hilquist | D30: Hilquist | E30: Hilquist | F30: Hilquist | G30: Hilquist | H30: Closed
B31: Melia | C31: Matt | D31: Melia | E31: Melia | F31: Matt | G31: Matt | H31: Closed
B32: =B29+7 -> 46216 | C32: =C29+7 -> 46217 | D32: =D29+7 -> 46218 | E32: =E29+7 -> 46219 | F32: =F29+7 -> 46220 | G32: =G29+7 -> 46221 | H32: =H29+7 -> 46222
B33: Fantasia | C33: Hilquist | D33: Hilquist | E33: Hilquist | F33: Hilquist | G33: Hilquist | H33: Closed
B34: Melia | C34: Matt | D34: Melia | E34: Melia | F34: Matt | G34: Matt | H34: Closed
B35: =B32+7 -> 46223 | C35: =C32+7 -> 46224 | D35: =D32+7 -> 46225 | E35: =E32+7 -> 46226 | F35: =F32+7 -> 46227 | G35: =G32+7 -> 46228 | H35: =H32+7 -> 46229
B36: Fantasia | C36: Hilquist | D36: Hilquist | E36: Hilquist | F36: Hilquist | G36: Hilquist | H36: Closed
B37: Melia | C37: Matt | D37: Melia | E37: Melia | F37: Matt | G37: Matt | H37: Closed
B38: =B35+7 -> 46230 | C38: =C35+7 -> 46231 | D38: =D35+7 -> 46232 | E38: =E35+7 -> 46233 | F38: =F35+7 -> 46234 | G38: =G35+7 -> 46235 | H38: =H35+7 -> 46236
B39: Fantasia | C39: Hilquist | D39: Hilquist | E39: Hilquist | F39: Hilquist
B40: Melia | C40: Matt | D40: Melia | E40: Melia | F40: Matt
B41: =B38+7 -> 46237 | C41: =C38+7 -> 46238 | D41: =D38+7 -> 46239 | E41: =E38+7 -> 46240 | F41: =F38+7 -> 46241 | G41: =G38+7 -> 46242 | H41: =H38+7 -> 46243
B45: =YEAR(TODAY()) -> 2026 | C45: AUGUST | E45: MONDAY | F45: Location: Valencia | G45: Lockbox Code: | H45: SWC: Kathy SDC: Dr. Dalton | I45: x
B46: CALENDAR YEAR | C46: CALENDAR MONTH | E46: FIRST DAY OF WEEK
B47: =TEXT(B48,"dddd") -> Monday | C47: =TEXT(C48,"dddd") -> Tuesday | D47: =TEXT(D48,"dddd") -> Wednesday | E47: =TEXT(E48,"dddd") -> Thursday | F47: =TEXT(F48,"dddd") -> Friday | G47: =TEXT(G48,"dddd") -> Saturday | H47: =TEXT(H48,"dddd") -> Sunday
B48: {=DATE($B$45,MATCH(UPPER($C$45),{"JANUARY","FEBRUARY","MARCH","APRIL","MAY","JUNE","JULY","AUGUST","SEPTEMBER","OCTOBER","NOVEMBER","DECEMBER"},0),1)-MOD(WEEKDAY(DATE($B$45,MATCH(UPPER($C$45),{"JANUARY","FEBRUARY","MARCH","APRIL","MAY","JUNE","JULY","AUGUST","SEPTEMBER","OCTOBER","NOVEMBER","DECEMBER"},0),1),2)-MATCH(UPPER($E$45),{"MONDAY","TUESDAY","WEDNESDAY","THURSDAY","FRIDAY","SATURDAY","SUNDAY"},0),7)} -> 46230 | C48: =B48+1 -> 46231 | D48: =C48+1 -> 46232 | E48: =D48+1 -> 46233 | F48: =E48+1 -> 46234 | G48: =F48+1 -> 46235 | H48: =G48+1 -> 46236
G49: Hilquist | H49: Closed
G50: Matt | H50: Closed
B51: =B48+7 -> 46237 | C51: =C48+7 -> 46238 | D51: =D48+7 -> 46239 | E51: =E48+7 -> 46240 | F51: =F48+7 -> 46241 | G51: =G48+7 -> 46242 | H51: =H48+7 -> 46243
B52: Fantasia | C52: Hilquist | D52: Hilquist | E52: Hilquist | F52: Hilquist | G52: Hilquist | H52: Closed
B53: Melia | C53: Matt | D53: Melia | E53: Melia | F53: Matt | G53: Matt | H53: Closed
B54: =B51+7 -> 46244 | C54: =C51+7 -> 46245 | D54: =D51+7 -> 46246 | E54: =E51+7 -> 46247 | F54: =F51+7 -> 46248 | G54: =G51+7 -> 46249 | H54: =H51+7 -> 46250
B55: Fantasia | C55: Hilquist | D55: Hilquist | E55: Hilquist | F55: Hilquist | G55: Hilquist | H55: Closed
B56: Melia | C56: Matthew | D56: Melia | E56: Melia | F56: Matt | G56: Matt | H56: Closed
B57: =B54+7 -> 46251 | C57: =C54+7 -> 46252 | D57: =D54+7 -> 46253 | E57: =E54+7 -> 46254 | F57: =F54+7 -> 46255 | G57: =G54+7 -> 46256 | H57: =H54+7 -> 46257
B58: Fantasia | C58: Hilquist | D58: Hilquist | E58: Hilquist | F58: Hilquist | G58: Hilquist | H58: Closed
B59: Melia | C59: Matthew | D59: Melia | E59: Melia | F59: Matt | G59: Matt | H59: Closed
B60: =B57+7 -> 46258 | C60: =C57+7 -> 46259 | D60: =D57+7 -> 46260 | E60: =E57+7 -> 46261 | F60: =F57+7 -> 46262 | G60: =G57+7 -> 46263 | H60: =H57+7 -> 46264
B61: Fantasia | C61: Hilquist | D61: Hilquist | E61: Hilquist | F61: Hilquist | G61: Hilquist | H61: Closed
B62: Melia | C62: Matthew | D62: Melia | E62: Melia | F62: Matt | G62: Matt | H62: Closed
B63: =B60+7 -> 46265 | C63: =C60+7 -> 46266 | D63: =D60+7 -> 46267 | E63: =E60+7 -> 46268 | F63: =F60+7 -> 46269 | G63: =G60+7 -> 46270 | H63: =H60+7 -> 46271
B64: Fantasia
B65: Melia

Sheet West Covina
B1: =YEAR(TODAY()) -> 2026 | C1: JUNE | E1: MONDAY | F1: Location: West Covina | G1: Lockbox Code: | H1: SWC: Dania SDC: Dr. Dalton | I1: x
B2: CALENDAR YEAR | C2: CALENDAR MONTH | E2: FIRST DAY OF WEEK
B3: {=TEXT(B4,"dddd")} -> Monday | C3: =TEXT(C4,"dddd") -> Tuesday | D3: =TEXT(D4,"dddd") -> Wednesday | E3: =TEXT(E4,"dddd") -> Thursday | F3: =TEXT(F4,"dddd") -> Friday | G3: =TEXT(G4,"dddd") -> Saturday | H3: =TEXT(H4,"dddd") -> Sunday
B4: {=DATE($B$1,MATCH(UPPER($C$1),{"JANUARY","FEBRUARY","MARCH","APRIL","MAY","JUNE","JULY","AUGUST","SEPTEMBER","OCTOBER","NOVEMBER","DECEMBER"},0),1)-MOD(WEEKDAY(DATE($B$1,MATCH(UPPER($C$1),{"JANUARY","FEBRUARY","MARCH","APRIL","MAY","JUNE","JULY","AUGUST","SEPTEMBER","OCTOBER","NOVEMBER","DECEMBER"},0),1),2)-MATCH(UPPER($E$1),{"MONDAY","TUESDAY","WEDNESDAY","THURSDAY","FRIDAY","SATURDAY","SUNDAY"},0),7)} -> 46174 | C4: =B4+1 -> 46175 | D4: =C4+1 -> 46176 | E4: =D4+1 -> 46177 | F4: =E4+1 -> 46178 | G4: =F4+1 -> 46179 | H4: =G4+1 -> 46180
B5: Cayabyab | C5: Cayabyab | D5: Cayabyab | E5: Cayabyab | F5: Cayabyab | G5: Gee | H5: Closed
B6: Crystal | C6: Steven | D6: Crystal | E6: Crystal | F6: Karen | G6: Karen | H6: Closed
B7: {=B4+7} -> 46181 | C7: =C4+7 -> 46182 | D7: =D4+7 -> 46183 | E7: =E4+7 -> 46184 | F7: =F4+7 -> 46185 | G7: =G4+7 -> 46186 | H7: =H4+7 -> 46187
B8: Cayabyab | C8: Cayabyab | D8: Cayabyab | E8: Cayabyab | F8: Cayabyab | G8: Gee | H8: Closed
B9: Crystal | C9: Crystal | D9: Crystal | E9: Crystal | F9: Karen | G9: Karen | H9: Closed
B10: {=B7+7} -> 46188 | C10: =C7+7 -> 46189 | D10: =D7+7 -> 46190 | E10: =E7+7 -> 46191 | F10: =F7+7 -> 46192 | G10: =G7+7 -> 46193 | H10: =H7+7 -> 46194
B11: Cayabyab | C11: Cayabyab | D11: Cayabyab | E11: Cayabyab | F11: Cayabyab | G11: Gee | H11: Closed
B12: Crystal | C12: Crystal | D12: Crystal | E12: Crystal | F12: Karen | G12: Karen | H12: Closed
B13: {=B10+7} -> 46195 | C13: =C10+7 -> 46196 | D13: =D10+7 -> 46197 | E13: =E10+7 -> 46198 | F13: =F10+7 -> 46199 | G13: =G10+7 -> 46200 | H13: =H10+7 -> 46201
B14: Cayabyab | C14: Cayabyab | D14: Cayabyab | E14: Cayabyab | F14: Cayabyab | G14: Gee | H14: Closed
B15: Crystal | C15: Crystal | D15: Crystal | E15: Crystal | F15: Karen | G15: Karen | H15: Closed
B16: {=B13+7} -> 46202 | C16: =C13+7 -> 46203 | D16: =D13+7 -> 46204 | E16: =E13+7 -> 46205 | F16: =F13+7 -> 46206 | G16: =G13+7 -> 46207 | H16: =H13+7 -> 46208
B17: Cayabyab | C17: Cayabyab | H17: Closed
B18: Crystal | C18: Crystal | H18: Closed
B19: {=B16+7} -> 46209 | C19: =C16+7 -> 46210 | D19: =D16+7 -> 46211 | E19: =E16+7 -> 46212 | F19: =F16+7 -> 46213 | G19: =G16+7 -> 46214 | H19: =H16+7 -> 46215
B23: =YEAR(TODAY()) -> 2026 | C23: JULY | E23: MONDAY | F23: Location: West Covina | G23: Lockbox Code: | H23: SWC: Dania SDC: Dr. Dalton | I23: x
B24: CALENDAR YEAR | C24: CALENDAR MONTH | E24: FIRST DAY OF WEEK
B25: =TEXT(B26,"dddd") -> Monday | C25: =TEXT(C26,"dddd") -> Tuesday | D25: =TEXT(D26,"dddd") -> Wednesday | E25: =TEXT(E26,"dddd") -> Thursday | F25: =TEXT(F26,"dddd") -> Friday | G25: =TEXT(G26,"dddd") -> Saturday | H25: =TEXT(H26,"dddd") -> Sunday
B26: {=DATE($B$23,MATCH(UPPER($C$23),{"JANUARY","FEBRUARY","MARCH","APRIL","MAY","JUNE","JULY","AUGUST","SEPTEMBER","OCTOBER","NOVEMBER","DECEMBER"},0),1)-MOD(WEEKDAY(DATE($B$23,MATCH(UPPER($C$23),{"JANUARY","FEBRUARY","MARCH","APRIL","MAY","JUNE","JULY","AUGUST","SEPTEMBER","OCTOBER","NOVEMBER","DECEMBER"},0),1),2)-MATCH(UPPER($E$23),{"MONDAY","TUESDAY","WEDNESDAY","THURSDAY","FRIDAY","SATURDAY","SUNDAY"},0),7)} -> 46202 | C26: =B26+1 -> 46203 | D26: =C26+1 -> 46204 | E26: =D26+1 -> 46205 | F26: =E26+1 -> 46206 | G26: =F26+1 -> 46207 | H26: =G26+1 -> 46208
D27: Cayabyab | E27: Cayabyab | F27: Cayabyab | G27: Gee | H27: Closed
D28: Crystal | E28: Crystal | F28: Karen | G28: Karen | H28: Closed
B29: =B26+7 -> 46209 | C29: =C26+7 -> 46210 | D29: =D26+7 -> 46211 | E29: =E26+7 -> 46212 | F29: =F26+7 -> 46213 | G29: =G26+7 -> 46214 | H29: =H26+7 -> 46215
B30: Cayabyab | C30: Cayabyab | D30: Cayabyab | E30: Cayabyab | F30: Cayabyab | G30: Gee | H30: Closed
B31: Crystal | C31: Crystal | D31: Crystal | E31: Crystal | F31: Karen | G31: Karen | H31: Closed
B32: =B29+7 -> 46216 | C32: =C29+7 -> 46217 | D32: =D29+7 -> 46218 | E32: =E29+7 -> 46219 | F32: =F29+7 -> 46220 | G32: =G29+7 -> 46221 | H32: =H29+7 -> 46222
B33: Cayabyab | C33: Cayabyab | D33: Cayabyab | E33: Cayabyab | F33: Cayabyab | G33: Gee | H33: Closed
B34: Crystal | C34: Crystal | D34: Crystal | E34: Crystal | F34: Karen | G34: Karen | H34: Closed
B35: =B32+7 -> 46223 | C35: =C32+7 -> 46224 | D35: =D32+7 -> 46225 | E35: =E32+7 -> 46226 | F35: =F32+7 -> 46227 | G35: =G32+7 -> 46228 | H35: =H32+7 -> 46229
B36: Cayabyab | C36: Cayabyab | D36: Cayabyab | E36: Cayabyab | F36: Cayabyab | G36: Gee | H36: Closed
B37: Crystal | C37: Crystal | D37: Crystal | E37: Crystal | F37: Karen | G37: Karen | H37: Closed
B38: =B35+7 -> 46230 | C38: =C35+7 -> 46231 | D38: =D35+7 -> 46232 | E38: =E35+7 -> 46233 | F38: =F35+7 -> 46234 | G38: =G35+7 -> 46235 | H38: =H35+7 -> 46236
B39: Cayabyab | C39: Cayabyab | D39: Cayabyab | E39: Cayabyab | F39: Cayabyab
B40: Crystal | C40: Crystal | D40: Crystal | E40: Crystal | F40: Karen
B41: =B38+7 -> 46237 | C41: =C38+7 -> 46238 | D41: =D38+7 -> 46239 | E41: =E38+7 -> 46240 | F41: =F38+7 -> 46241 | G41: =G38+7 -> 46242 | H41: =H38+7 -> 46243
B45: =YEAR(TODAY()) -> 2026 | C45: AUGUST | E45: MONDAY | F45: Location: West Covina | G45: Lockbox Code: | H45: SWC: Dania SDC: Dr. Dalton | I45: x
B46: CALENDAR YEAR | C46: CALENDAR MONTH | E46: FIRST DAY OF WEEK
B47: =TEXT(B48,"dddd") -> Monday | C47: =TEXT(C48,"dddd") -> Tuesday | D47: =TEXT(D48,"dddd") -> Wednesday | E47: =TEXT(E48,"dddd") -> Thursday | F47: =TEXT(F48,"dddd") -> Friday | G47: =TEXT(G48,"dddd") -> Saturday | H47: =TEXT(H48,"dddd") -> Sunday
B48: {=DATE($B$45,MATCH(UPPER($C$45),{"JANUARY","FEBRUARY","MARCH","APRIL","MAY","JUNE","JULY","AUGUST","SEPTEMBER","OCTOBER","NOVEMBER","DECEMBER"},0),1)-MOD(WEEKDAY(DATE($B$45,MATCH(UPPER($C$45),{"JANUARY","FEBRUARY","MARCH","APRIL","MAY","JUNE","JULY","AUGUST","SEPTEMBER","OCTOBER","NOVEMBER","DECEMBER"},0),1),2)-MATCH(UPPER($E$45),{"MONDAY","TUESDAY","WEDNESDAY","THURSDAY","FRIDAY","SATURDAY","SUNDAY"},0),7)} -> 46230 | C48: =B48+1 -> 46231 | D48: =C48+1 -> 46232 | E48: =D48+1 -> 46233 | F48: =E48+1 -> 46234 | G48: =F48+1 -> 46235 | H48: =G48+1 -> 46236
G49: Gee | H49: Closed
G50: Karen | H50: Closed
B51: =B48+7 -> 46237 | C51: =C48+7 -> 46238 | D51: =D48+7 -> 46239 | E51: =E48+7 -> 46240 | F51: =F48+7 -> 46241 | G51: =G48+7 -> 46242 | H51: =H48+7 -> 46243
B52: Cayabyab | C52: Cayabyab | D52: Cayabyab | E52: Cayabyab | F52: Cayabyab | G52: Gee | H52: Closed
B53: Crystal | C53: Crystal | D53: Crystal | E53: Crystal | F53: Karen | G53: Karen | H53: Closed
B54: =B51+7 -> 46244 | C54: =C51+7 -> 46245 | D54: =D51+7 -> 46246 | E54: =E51+7 -> 46247 | F54: =F51+7 -> 46248 | G54: =G51+7 -> 46249 | H54: =H51+7 -> 46250
B55: Cayabyab | C55: Cayabyab | D55: Cayabyab | E55: Cayabyab | F55: Cayabyab | G55: Gee | H55: Closed
B56: Crystal | C56: Crystal | D56: Crystal | E56: Crystal | F56: Karen | G56: Karen | H56: Closed
B57: =B54+7 -> 46251 | C57: =C54+7 -> 46252 | D57: =D54+7 -> 46253 | E57: =E54+7 -> 46254 | F57: =F54+7 -> 46255 | G57: =G54+7 -> 46256 | H57: =H54+7 -> 46257
B58: Cayabyab | C58: Cayabyab | D58: Cayabyab | E58: Cayabyab | F58: Cayabyab | G58: Gee | H58: Closed
B59: Crystal | C59: Crystal | D59: Crystal | E59: Crystal | F59: Karen | G59: Karen | H59: Closed
B60: =B57+7 -> 46258 | C60: =C57+7 -> 46259 | D60: =D57+7 -> 46260 | E60: =E57+7 -> 46261 | F60: =F57+7 -> 46262 | G60: =G57+7 -> 46263 | H60: =H57+7 -> 46264
B61: Cayabyab | C61: Cayabyab | D61: Cayabyab | E61: Cayabyab | F61: Cayabyab | G61: Gee | H61: Closed
B62: Crystal | C62: Crystal | D62: Crystal | E62: Crystal | F62: Karen | G62: Karen | H62: Closed
B63: =B60+7 -> 46265 | C63: =C60+7 -> 46266 | D63: =D60+7 -> 46267 | E63: =E60+7 -> 46268 | F63: =F60+7 -> 46269 | G63: =G60+7 -> 46270 | H63: =H60+7 -> 46271
B64: Cayabyab
B65: Crystal

Sheet Woodland Hills
B1: =YEAR(TODAY()) -> 2026 | C1: JUNE | E1: MONDAY | F1: Location: Woodland Hills | G1: Lockbox Code: | H1: SWC: Dania SDC: Dr. Dalton | T1: x
B2: CALENDAR YEAR | C2: CALENDAR MONTH | E2: FIRST DAY OF WEEK
B3: {=TEXT(B4,"dddd")} -> Monday | C3: =TEXT(C4,"dddd") -> Tuesday | D3: =TEXT(D4,"dddd") -> Wednesday | E3: =TEXT(E4,"dddd") -> Thursday | F3: =TEXT(F4,"dddd") -> Friday | G3: =TEXT(G4,"dddd") -> Saturday | H3: =TEXT(H4,"dddd") -> Sunday
B4: {=DATE($B$1,MATCH(UPPER($C$1),{"JANUARY","FEBRUARY","MARCH","APRIL","MAY","JUNE","JULY","AUGUST","SEPTEMBER","OCTOBER","NOVEMBER","DECEMBER"},0),1)-MOD(WEEKDAY(DATE($B$1,MATCH(UPPER($C$1),{"JANUARY","FEBRUARY","MARCH","APRIL","MAY","JUNE","JULY","AUGUST","SEPTEMBER","OCTOBER","NOVEMBER","DECEMBER"},0),1),2)-MATCH(UPPER($E$1),{"MONDAY","TUESDAY","WEDNESDAY","THURSDAY","FRIDAY","SATURDAY","SUNDAY"},0),7)} -> 46174 | C4: =B4+1 -> 46175 | D4: =C4+1 -> 46176 | E4: =D4+1 -> 46177 | F4: =E4+1 -> 46178 | G4: =F4+1 -> 46179 | H4: =G4+1 -> 46180
B5: Malinarch | C5: Carrillo | D5: Carrillo | E5: Carrillo | F5: Malinarich | G5: Malinarich | H5: Malinarch
B6: Fio | C6: Laura | D6: Dania | E6: Dania | F6: Fio | G6: Fio | H6: Fio
B7: {=B4+7} -> 46181 | C7: =C4+7 -> 46182 | D7: =D4+7 -> 46183 | E7: =E4+7 -> 46184 | F7: =F4+7 -> 46185 | G7: =G4+7 -> 46186 | H7: =H4+7 -> 46187
B8: Malinarch | C8: Carrillo | D8: Carrillo | E8: Carrillo | F8: Malinarich | G8: Malinarich | H8: Malinarch
B9: Fio | C9: Laura | D9: Dania | E9: Dania | F9: Fio | G9: Fio | H9: Fio
B10: {=B7+7} -> 46188 | C10: =C7+7 -> 46189 | D10: =D7+7 -> 46190 | E10: =E7+7 -> 46191 | F10: =F7+7 -> 46192 | G10: =G7+7 -> 46193 | H10: =H7+7 -> 46194 | X10: `
B11: Malinarch | C11: Dalton | D11: Carrillo | E11: Carrillo | F11: Carrillo | G11: Carrillo | H11: Carrillo
B12: Fio | C12: Laura | D12: Dania | E12: Dania | F12: Dania | G12: Dania | H12: Lorraine
B13: {=B10+7} -> 46195 | C13: =C10+7 -> 46196 | D13: =D10+7 -> 46197 | E13: =E10+7 -> 46198 | F13: =F10+7 -> 46199 | G13: =G10+7 -> 46200 | H13: =H10+7 -> 46201
B14: Malinarch | C14: Carrillo | D14: Carrillo | E14: Carrillo | F14: Malinarich | G14: Malinarich | H14: Malinarch
B15: Fio | C15: Laura | D15: Dania | E15: Dania | F15: Fio | G15: Fio | H15: Fio
B16: {=B13+7} -> 46202 | C16: =C13+7 -> 46203 | D16: =D13+7 -> 46204 | E16: =E13+7 -> 46205 | F16: =F13+7 -> 46206 | G16: =G13+7 -> 46207 | H16: =H13+7 -> 46208
B17: Malinarch | C17: Carrillo
B18: Fio | C18: Laura
B19: {=B16+7} -> 46209 | C19: =C16+7 -> 46210 | D19: =D16+7 -> 46211 | E19: =E16+7 -> 46212 | F19: =F16+7 -> 46213 | G19: =G16+7 -> 46214 | H19: =H16+7 -> 46215
B23: =YEAR(TODAY()) -> 2026 | C23: JULY | E23: MONDAY | F23: Location: Woodland Hills | G23: Lockbox Code: | H23: SWC: Dania SDC: Dr. Dalton | T23: x
B24: CALENDAR YEAR | C24: CALENDAR MONTH | E24: FIRST DAY OF WEEK
B25: =TEXT(B26,"dddd") -> Monday | C25: =TEXT(C26,"dddd") -> Tuesday | D25: =TEXT(D26,"dddd") -> Wednesday | E25: =TEXT(E26,"dddd") -> Thursday | F25: =TEXT(F26,"dddd") -> Friday | G25: =TEXT(G26,"dddd") -> Saturday | H25: =TEXT(H26,"dddd") -> Sunday
B26: {=DATE($B$23,MATCH(UPPER($C$23),{"JANUARY","FEBRUARY","MARCH","APRIL","MAY","JUNE","JULY","AUGUST","SEPTEMBER","OCTOBER","NOVEMBER","DECEMBER"},0),1)-MOD(WEEKDAY(DATE($B$23,MATCH(UPPER($C$23),{"JANUARY","FEBRUARY","MARCH","APRIL","MAY","JUNE","JULY","AUGUST","SEPTEMBER","OCTOBER","NOVEMBER","DECEMBER"},0),1),2)-MATCH(UPPER($E$23),{"MONDAY","TUESDAY","WEDNESDAY","THURSDAY","FRIDAY","SATURDAY","SUNDAY"},0),7)} -> 46202 | C26: =B26+1 -> 46203 | D26: =C26+1 -> 46204 | E26: =D26+1 -> 46205 | F26: =E26+1 -> 46206 | G26: =F26+1 -> 46207 | H26: =G26+1 -> 46208
D27: Carrillo | E27: Carrillo | F27: Malinarich | G27: Malinarich | H27: Malinarch
D28: Laura | E28: Flo | F28: Fio | G28: Fio | H28: Fio
B29: =B26+7 -> 46209 | C29: =C26+7 -> 46210 | D29: =D26+7 -> 46211 | E29: =E26+7 -> 46212 | F29: =F26+7 -> 46213 | G29: =G26+7 -> 46214 | H29: =H26+7 -> 46215
B30: Malinarch | C30: Carrillo | D30: DC Needed | E30: DC Needed | F30: Malinarich | G30: Malinarich | H30: Malinarch
B31: Fio | C31: Laura | D31: Dania | E31: Dania | F31: Fio | G31: Fio | H31: Fio
B32: =B29+7 -> 46216 | C32: =C29+7 -> 46217 | D32: =D29+7 -> 46218 | E32: =E29+7 -> 46219 | F32: =F29+7 -> 46220 | G32: =G29+7 -> 46221 | H32: =H29+7 -> 46222 | X32: `
B33: Malinarch | C33: Carrillo | D33: Carrillo | E33: Carrillo | F33: Malinarich | G33: Malinarich | H33: Malinarch
B34: Fio | C34: Laura | D34: Dania | E34: Dania | F34: Fio | G34: Fio | H34: Fio
B35: =B32+7 -> 46223 | C35: =C32+7 -> 46224 | D35: =D32+7 -> 46225 | E35: =E32+7 -> 46226 | F35: =F32+7 -> 46227 | G35: =G32+7 -> 46228 | H35: =H32+7 -> 46229
B36: Malinarch | C36: Carrillo | D36: Carrillo | E36: Carrillo | F36: Malinarch | G36: Malinarch | H36: Malinarch
B37: Fio | C37: Laura | D37: Dania | E37: Dania | F37: Fio | G37: Fio | H37: Fio
B38: =B35+7 -> 46230 | C38: =C35+7 -> 46231 | D38: =D35+7 -> 46232 | E38: =E35+7 -> 46233 | F38: =F35+7 -> 46234 | G38: =G35+7 -> 46235 | H38: =H35+7 -> 46236
B39: Malinarch | C39: Carrillo | D39: Carrillo | E39: Carrillo | F39: Malinarich
B40: Fio | C40: Laura | D40: Dania | E40: Dania | F40: Fio
B41: =B38+7 -> 46237 | C41: =C38+7 -> 46238 | D41: =D38+7 -> 46239 | E41: =E38+7 -> 46240 | F41: =F38+7 -> 46241 | G41: =G38+7 -> 46242 | H41: =H38+7 -> 46243
B45: =YEAR(TODAY()) -> 2026 | C45: AUGUST | E45: MONDAY | F45: Location: Woodland Hills | G45: Lockbox Code: | H45: SWC: Dania SDC: Dr. Dalton | T45: x
B46: CALENDAR YEAR | C46: CALENDAR MONTH | E46: FIRST DAY OF WEEK
B47: =TEXT(B48,"dddd") -> Monday | C47: =TEXT(C48,"dddd") -> Tuesday | D47: =TEXT(D48,"dddd") -> Wednesday | E47: =TEXT(E48,"dddd") -> Thursday | F47: =TEXT(F48,"dddd") -> Friday | G47: =TEXT(G48,"dddd") -> Saturday | H47: =TEXT(H48,"dddd") -> Sunday
B48: {=DATE($B$45,MATCH(UPPER($C$45),{"JANUARY","FEBRUARY","MARCH","APRIL","MAY","JUNE","JULY","AUGUST","SEPTEMBER","OCTOBER","NOVEMBER","DECEMBER"},0),1)-MOD(WEEKDAY(DATE($B$45,MATCH(UPPER($C$45),{"JANUARY","FEBRUARY","MARCH","APRIL","MAY","JUNE","JULY","AUGUST","SEPTEMBER","OCTOBER","NOVEMBER","DECEMBER"},0),1),2)-MATCH(UPPER($E$45),{"MONDAY","TUESDAY","WEDNESDAY","THURSDAY","FRIDAY","SATURDAY","SUNDAY"},0),7)} -> 46230 | C48: =B48+1 -> 46231 | D48: =C48+1 -> 46232 | E48: =D48+1 -> 46233 | F48: =E48+1 -> 46234 | G48: =F48+1 -> 46235 | H48: =G48+1 -> 46236
G49: Malinarch | H49: Malinarch
G50: Fio | H50: Fio
B51: =B48+7 -> 46237 | C51: =C48+7 -> 46238 | D51: =D48+7 -> 46239 | E51: =E48+7 -> 46240 | F51: =F48+7 -> 46241 | G51: =G48+7 -> 46242 | H51: =H48+7 -> 46243
B52: Malinarch | C52: Carrillo | D52: Carrillo | E52: Carrillo | F52: Malinarch | G52: Malinarch | H52: Malinarch
B53: Fio | C53: Laura | D53: Dania | E53: Dania | F53: Fio | G53: Fio | H53: Fio
B54: =B51+7 -> 46244 | C54: =C51+7 -> 46245 | D54: =D51+7 -> 46246 | E54: =E51+7 -> 46247 | F54: =F51+7 -> 46248 | G54: =G51+7 -> 46249 | H54: =H51+7 -> 46250 | X54: `
B55: Malinarch | C55: Carrillo | D55: Carrillo | E55: Carrillo | F55: Malinarch | G55: Malinarch | H55: Malinarch
B56: Fio | C56: Laura | D56: Dania | E56: Dania | F56: Fio | G56: Fio | H56: Fio
B57: =B54+7 -> 46251 | C57: =C54+7 -> 46252 | D57: =D54+7 -> 46253 | E57: =E54+7 -> 46254 | F57: =F54+7 -> 46255 | G57: =G54+7 -> 46256 | H57: =H54+7 -> 46257
B58: Malinarch | C58: Carrillo | D58: Carrillo | E58: Carrillo | F58: Malinarch | G58: Malinarch | H58: Malinarch
B59: Fio | C59: Laura | D59: Dania | E59: Dania | F59: Fio | G59: Fio | H59: Fio
B60: =B57+7 -> 46258 | C60: =C57+7 -> 46259 | D60: =D57+7 -> 46260 | E60: =E57+7 -> 46261 | F60: =F57+7 -> 46262 | G60: =G57+7 -> 46263 | H60: =H57+7 -> 46264
B61: Malinarch | C61: Carrillo | D61: Carrillo | E61: Carrillo | F61: Malinarch | G61: Malinarch | H61: Malinarch
B62: Fio | C62: Laura | D62: Dania | E62: Dania | F62: Fio | G62: Fio | H62: Fio
B63: =B60+7 -> 46265 | C63: =C60+7 -> 46266 | D63: =D60+7 -> 46267 | E63: =E60+7 -> 46268 | F63: =F60+7 -> 46269 | G63: =G60+7 -> 46270 | H63: =H60+7 -> 46271
B64: Malinarch
B65: Fio

Sheet NoHo West
B1: =YEAR(TODAY()) -> 2026 | C1: JUNE | E1: MONDAY | F1: Location: NoHo West | G1: Lockbox Code: | H1: SWC: Dania SDC: Dr. Dalton | T1: x
B2: CALENDAR YEAR | C2: CALENDAR MONTH | E2: FIRST DAY OF WEEK
B3: {=TEXT(B4,"dddd")} -> Monday | C3: =TEXT(C4,"dddd") -> Tuesday | D3: =TEXT(D4,"dddd") -> Wednesday | E3: =TEXT(E4,"dddd") -> Thursday | F3: =TEXT(F4,"dddd") -> Friday | G3: =TEXT(G4,"dddd") -> Saturday | H3: =TEXT(H4,"dddd") -> Sunday
B4: {=DATE($B$1,MATCH(UPPER($C$1),{"JANUARY","FEBRUARY","MARCH","APRIL","MAY","JUNE","JULY","AUGUST","SEPTEMBER","OCTOBER","NOVEMBER","DECEMBER"},0),1)-MOD(WEEKDAY(DATE($B$1,MATCH(UPPER($C$1),{"JANUARY","FEBRUARY","MARCH","APRIL","MAY","JUNE","JULY","AUGUST","SEPTEMBER","OCTOBER","NOVEMBER","DECEMBER"},0),1),2)-MATCH(UPPER($E$1),{"MONDAY","TUESDAY","WEDNESDAY","THURSDAY","FRIDAY","SATURDAY","SUNDAY"},0),7)} -> 46174 | C4: =B4+1 -> 46175 | D4: =C4+1 -> 46176 | E4: =D4+1 -> 46177 | F4: =E4+1 -> 46178 | G4: =F4+1 -> 46179 | H4: =G4+1 -> 46180
B5: Kalapp | C5: Dr. Peng | D5: Kalapp | E5: Chang | F5: Chang | G5: DC Needed | H5: Closed
B6: Lucia | C6: Lucia | D6: Lucia | E6: Jordyn | F6: Jordyn | G6: Jordyn | H6: Closed
B7: {=B4+7} -> 46181 | C7: =C4+7 -> 46182 | D7: =D4+7 -> 46183 | E7: =E4+7 -> 46184 | F7: =F4+7 -> 46185 | G7: =G4+7 -> 46186 | H7: =H4+7 -> 46187
B8: Cole | C8: Cole | D8: Cole | E8: Chang | F8: Chang | G8: DC needed | H8: Closed
B9: Lucia | C9: Lucia | D9: Lucia | E9: Jordyn | F9: Jordyn | G9: Jodryn | H9: Closed
B10: {=B7+7} -> 46188 | C10: =C7+7 -> 46189 | D10: =D7+7 -> 46190 | E10: =E7+7 -> 46191 | F10: =F7+7 -> 46192 | G10: =G7+7 -> 46193 | H10: =H7+7 -> 46194 | X10: `
B11: Cole | C11: Cole | D11: Cole | E11: Chang | F11: Chang | G11: DC needed | H11: Closed
B12: Lucia | C12: Lucia | D12: Lucia | E12: Jordyn | F12: Jordyn | G12: Jordyn | H12: Closed
B13: {=B10+7} -> 46195 | C13: =C10+7 -> 46196 | D13: =D10+7 -> 46197 | E13: =E10+7 -> 46198 | F13: =F10+7 -> 46199 | G13: =G10+7 -> 46200 | H13: =H10+7 -> 46201
B14: Cole | C14: Dr. Mary | D14: Dr. Mary | E14: Chang | F14: Chang | G14: DC needed | H14: Closed
B15: Lucia | C15: Lucia | D15: Lucia | E15: Jordyn | F15: Jordyn | G15: Jordyn | H15: Closed
B16: {=B13+7} -> 46202 | C16: =C13+7 -> 46203 | D16: =D13+7 -> 46204 | E16: =E13+7 -> 46205 | F16: =F13+7 -> 46206 | G16: =G13+7 -> 46207 | H16: =H13+7 -> 46208
B17: Cole | C17: Cole
B18: Lucia | C18: Lucia
B19: {=B16+7} -> 46209 | C19: =C16+7 -> 46210 | D19: =D16+7 -> 46211 | E19: =E16+7 -> 46212 | F19: =F16+7 -> 46213 | G19: =G16+7 -> 46214 | H19: =H16+7 -> 46215
B23: =YEAR(TODAY()) -> 2026 | C23: JULY | E23: MONDAY | F23: Location: NoHo West | G23: Lockbox Code: | H23: SWC: Dania SDC: Dr. Dalton | T23: x
B24: CALENDAR YEAR | C24: CALENDAR MONTH | E24: FIRST DAY OF WEEK
B25: =TEXT(B26,"dddd") -> Monday | C25: =TEXT(C26,"dddd") -> Tuesday | D25: =TEXT(D26,"dddd") -> Wednesday | E25: =TEXT(E26,"dddd") -> Thursday | F25: =TEXT(F26,"dddd") -> Friday | G25: =TEXT(G26,"dddd") -> Saturday | H25: =TEXT(H26,"dddd") -> Sunday
B26: {=DATE($B$23,MATCH(UPPER($C$23),{"JANUARY","FEBRUARY","MARCH","APRIL","MAY","JUNE","JULY","AUGUST","SEPTEMBER","OCTOBER","NOVEMBER","DECEMBER"},0),1)-MOD(WEEKDAY(DATE($B$23,MATCH(UPPER($C$23),{"JANUARY","FEBRUARY","MARCH","APRIL","MAY","JUNE","JULY","AUGUST","SEPTEMBER","OCTOBER","NOVEMBER","DECEMBER"},0),1),2)-MATCH(UPPER($E$23),{"MONDAY","TUESDAY","WEDNESDAY","THURSDAY","FRIDAY","SATURDAY","SUNDAY"},0),7)} -> 46202 | C26: =B26+1 -> 46203 | D26: =C26+1 -> 46204 | E26: =D26+1 -> 46205 | F26: =E26+1 -> 46206 | G26: =F26+1 -> 46207 | H26: =G26+1 -> 46208
D27: Cole | E27: Chang | F27: Chang | G27: Closed | H27: Closed
D28: Lucia | E28: Jordyn | F28: Jordyn | G28: Closed | H28: Closed
B29: =B26+7 -> 46209 | C29: =C26+7 -> 46210 | D29: =D26+7 -> 46211 | E29: =E26+7 -> 46212 | F29: =F26+7 -> 46213 | G29: =G26+7 -> 46214 | H29: =H26+7 -> 46215
B30: Cole | C30: Cole | D30: Cole | E30: Chang | F30: Chang | G30: Closed | H30: Closed
B31: WC Needed | C31: Lucia | D31: Lucia | E31: Jordyn | F31: Jordyn | G31: Jordyn | H31: Closed
B32: =B29+7 -> 46216 | C32: =C29+7 -> 46217 | D32: =D29+7 -> 46218 | E32: =E29+7 -> 46219 | F32: =F29+7 -> 46220 | G32: =G29+7 -> 46221 | H32: =H29+7 -> 46222 | X32: `
B33: Cole | C33: Cole | D33: Cole | E33: Chang | F33: Chang | G33: Closed | H33: Closed
B34: Lucia | C34: Lucia | D34: Lucia | E34: Jordyn | F34: Jordyn | G34: Jordyn | H34: Closed
B35: =B32+7 -> 46223 | C35: =C32+7 -> 46224 | D35: =D32+7 -> 46225 | E35: =E32+7 -> 46226 | F35: =F32+7 -> 46227 | G35: =G32+7 -> 46228 | H35: =H32+7 -> 46229
B36: Cole | C36: Cole | D36: Cole | E36: Chang | F36: Chang | G36: Closed | H36: Closed
B37: Lucia | C37: Lucia | D37: Lucia | E37: Jordyn | F37: Jordyn | G37: Jordyn | H37: Closed
B38: =B35+7 -> 46230 | C38: =C35+7 -> 46231 | D38: =D35+7 -> 46232 | E38: =E35+7 -> 46233 | F38: =F35+7 -> 46234 | G38: =G35+7 -> 46235 | H38: =H35+7 -> 46236
B39: Cole | C39: Cole | D39: Cole | E39: Chang | F39: Chang
B40: Lucia | C40: Lucia | D40: Lucia | E40: Jordyn | F40: Jordyn
B41: =B38+7 -> 46237 | C41: =C38+7 -> 46238 | D41: =D38+7 -> 46239 | E41: =E38+7 -> 46240 | F41: =F38+7 -> 46241 | G41: =G38+7 -> 46242 | H41: =H38+7 -> 46243
B45: =YEAR(TODAY()) -> 2026 | C45: AUGUST | E45: MONDAY | F45: Location: NoHo West | G45: Lockbox Code: | H45: SWC: Dania SDC: Dr. Dalton | T45: x
B46: CALENDAR YEAR | C46: CALENDAR MONTH | E46: FIRST DAY OF WEEK
B47: =TEXT(B48,"dddd") -> Monday | C47: =TEXT(C48,"dddd") -> Tuesday | D47: =TEXT(D48,"dddd") -> Wednesday | E47: =TEXT(E48,"dddd") -> Thursday | F47: =TEXT(F48,"dddd") -> Friday | G47: =TEXT(G48,"dddd") -> Saturday | H47: =TEXT(H48,"dddd") -> Sunday
B48: {=DATE($B$45,MATCH(UPPER($C$45),{"JANUARY","FEBRUARY","MARCH","APRIL","MAY","JUNE","JULY","AUGUST","SEPTEMBER","OCTOBER","NOVEMBER","DECEMBER"},0),1)-MOD(WEEKDAY(DATE($B$45,MATCH(UPPER($C$45),{"JANUARY","FEBRUARY","MARCH","APRIL","MAY","JUNE","JULY","AUGUST","SEPTEMBER","OCTOBER","NOVEMBER","DECEMBER"},0),1),2)-MATCH(UPPER($E$45),{"MONDAY","TUESDAY","WEDNESDAY","THURSDAY","FRIDAY","SATURDAY","SUNDAY"},0),7)} -> 46230 | C48: =B48+1 -> 46231 | D48: =C48+1 -> 46232 | E48: =D48+1 -> 46233 | F48: =E48+1 -> 46234 | G48: =F48+1 -> 46235 | H48: =G48+1 -> 46236
G49: DC Needed | H49: Closed
G50: Jordyn | H50: Closed
B51: =B48+7 -> 46237 | C51: =C48+7 -> 46238 | D51: =D48+7 -> 46239 | E51: =E48+7 -> 46240 | F51: =F48+7 -> 46241 | G51: =G48+7 -> 46242 | H51: =H48+7 -> 46243
B52: Cole | C52: Cole | D52: Cole | E52: Chang | F52: Chang | G52: Closed | H52: Closed
B53: Lucia | C53: Lucia | D53: Lucia | E53: Jordyn | F53: Jordyn | G53: Jordyn | H53: Closed
B54: =B51+7 -> 46244 | C54: =C51+7 -> 46245 | D54: =D51+7 -> 46246 | E54: =E51+7 -> 46247 | F54: =F51+7 -> 46248 | G54: =G51+7 -> 46249 | H54: =H51+7 -> 46250 | X54: `
B55: Cole | C55: Cole | D55: Cole | E55: Chang | F55: Chang | G55: Closed | H55: Closed
B56: Lucia | C56: Lucia | D56: Lucia | E56: Jordyn | F56: Jordyn | G56: Jordyn | H56: Closed
B57: =B54+7 -> 46251 | C57: =C54+7 -> 46252 | D57: =D54+7 -> 46253 | E57: =E54+7 -> 46254 | F57: =F54+7 -> 46255 | G57: =G54+7 -> 46256 | H57: =H54+7 -> 46257
B58: Cole | C58: Cole | D58: Cole | E58: Chang | F58: Chang | G58: Closed | H58: Closed
B59: Lucia | C59: Lucia | D59: Lucia | E59: Jordyn | F59: Jordyn | G59: Jordyn | H59: Closed
B60: =B57+7 -> 46258 | C60: =C57+7 -> 46259 | D60: =D57+7 -> 46260 | E60: =E57+7 -> 46261 | F60: =F57+7 -> 46262 | G60: =G57+7 -> 46263 | H60: =H57+7 -> 46264
B61: Cole | C61: Cole | D61: Cole | E61: Chang | F61: Chang | G61: Closed | H61: Closed
B62: Lucia | C62: Lucia | D62: Lucia | E62: Jordyn | F62: Jordyn | G62: Jordyn | H62: Closed
B63: =B60+7 -> 46265 | C63: =C60+7 -> 46266 | D63: =D60+7 -> 46267 | E63: =E60+7 -> 46268 | F63: =F60+7 -> 46269 | G63: =G60+7 -> 46270 | H63: =H60+7 -> 46271
B64: Cole
B65: Lucia

Sheet Burbank
B1: =YEAR(TODAY()) -> 2026 | C1: JUNE | E1: MONDAY | F1: Location: Burbank | G1: Lockbox Code: | H1: SWC: Dania SDC: Dr. Dalton | T1: x
B2: CALENDAR YEAR | C2: CALENDAR MONTH | E2: FIRST DAY OF WEEK
B3: {=TEXT(B4,"dddd")} -> Monday | C3: =TEXT(C4,"dddd") -> Tuesday | D3: =TEXT(D4,"dddd") -> Wednesday | E3: =TEXT(E4,"dddd") -> Thursday | F3: =TEXT(F4,"dddd") -> Friday | G3: =TEXT(G4,"dddd") -> Saturday | H3: =TEXT(H4,"dddd") -> Sunday
B4: {=DATE($B$1,MATCH(UPPER($C$1),{"JANUARY","FEBRUARY","MARCH","APRIL","MAY","JUNE","JULY","AUGUST","SEPTEMBER","OCTOBER","NOVEMBER","DECEMBER"},0),1)-MOD(WEEKDAY(DATE($B$1,MATCH(UPPER($C$1),{"JANUARY","FEBRUARY","MARCH","APRIL","MAY","JUNE","JULY","AUGUST","SEPTEMBER","OCTOBER","NOVEMBER","DECEMBER"},0),1),2)-MATCH(UPPER($E$1),{"MONDAY","TUESDAY","WEDNESDAY","THURSDAY","FRIDAY","SATURDAY","SUNDAY"},0),7)} -> 46174 | C4: =B4+1 -> 46175 | D4: =C4+1 -> 46176 | E4: =D4+1 -> 46177 | F4: =E4+1 -> 46178 | G4: =F4+1 -> 46179 | H4: =G4+1 -> 46180
B5: Mortenson | C5: Mortenson | D5: Mortenson | E5: Mortenson | F5: Minassian | G5: Minassian | H5: Closed
B6: Yesenia | C6: Yesenia | D6: Yesenia | E6: Yesenia | F6: Yesenia | G6: Dania | H6: Closed
B7: {=B4+7} -> 46181 | C7: =C4+7 -> 46182 | D7: =D4+7 -> 46183 | E7: =E4+7 -> 46184 | F7: =F4+7 -> 46185 | G7: =G4+7 -> 46186 | H7: =H4+7 -> 46187
B8: Mortenson | C8: Mortenson | D8: Mortenson | E8: Mortenson | F8: Minassian | G8: Minassian | H8: Closed
B9: Yesenia | C9: Yesenia | D9: Yesenia | E9: Yesenia | F9: Yesenia | G9: Dania | H9: Closed
B10: {=B7+7} -> 46188 | C10: =C7+7 -> 46189 | D10: =D7+7 -> 46190 | E10: =E7+7 -> 46191 | F10: =F7+7 -> 46192 | G10: =G7+7 -> 46193 | H10: =H7+7 -> 46194 | X10: `
B11: Mortenson | C11: Mortenson | D11: Mortenson | E11: Mortenson | F11: Minassian | G11: Minassian | H11: Closed
B12: Yesenia | C12: Yesenia | D12: Yesenia | E12: Yesenia | F12: Yesenia | G12: Laura | H12: Closed
B13: {=B10+7} -> 46195 | C13: =C10+7 -> 46196 | D13: =D10+7 -> 46197 | E13: =E10+7 -> 46198 | F13: =F10+7 -> 46199 | G13: =G10+7 -> 46200 | H13: =H10+7 -> 46201
B14: Mortenson | C14: Mortenson | D14: Mortenson | E14: DC Coverage Needed | F14: Minassian | G14: Minassian | H14: Closed
B15: Yesenia | C15: Yesenia | D15: Yesenia | E15: Yesenia | F15: Yesenia | G15: Dania | H15: Closed
B16: {=B13+7} -> 46202 | C16: =C13+7 -> 46203 | D16: =D13+7 -> 46204 | E16: =E13+7 -> 46205 | F16: =F13+7 -> 46206 | G16: =G13+7 -> 46207 | H16: =H13+7 -> 46208
B17: Mortenson | C17: Mortenson
B18: Yesenia | C18: Yesenia
B19: {=B16+7} -> 46209 | C19: =C16+7 -> 46210 | D19: =D16+7 -> 46211 | E19: =E16+7 -> 46212 | F19: =F16+7 -> 46213 | G19: =G16+7 -> 46214 | H19: =H16+7 -> 46215
B23: =YEAR(TODAY()) -> 2026 | C23: JULY | E23: MONDAY | F23: Location: Burbank | G23: Lockbox Code: | H23: SWC: Dania SDC: Dr. Dalton | T23: x
B24: CALENDAR YEAR | C24: CALENDAR MONTH | E24: FIRST DAY OF WEEK
B25: =TEXT(B26,"dddd") -> Monday | C25: =TEXT(C26,"dddd") -> Tuesday | D25: =TEXT(D26,"dddd") -> Wednesday | E25: =TEXT(E26,"dddd") -> Thursday | F25: =TEXT(F26,"dddd") -> Friday | G25: =TEXT(G26,"dddd") -> Saturday | H25: =TEXT(H26,"dddd") -> Sunday
B26: {=DATE($B$23,MATCH(UPPER($C$23),{"JANUARY","FEBRUARY","MARCH","APRIL","MAY","JUNE","JULY","AUGUST","SEPTEMBER","OCTOBER","NOVEMBER","DECEMBER"},0),1)-MOD(WEEKDAY(DATE($B$23,MATCH(UPPER($C$23),{"JANUARY","FEBRUARY","MARCH","APRIL","MAY","JUNE","JULY","AUGUST","SEPTEMBER","OCTOBER","NOVEMBER","DECEMBER"},0),1),2)-MATCH(UPPER($E$23),{"MONDAY","TUESDAY","WEDNESDAY","THURSDAY","FRIDAY","SATURDAY","SUNDAY"},0),7)} -> 46202 | C26: =B26+1 -> 46203 | D26: =C26+1 -> 46204 | E26: =D26+1 -> 46205 | F26: =E26+1 -> 46206 | G26: =F26+1 -> 46207 | H26: =G26+1 -> 46208
D27: Mortenson | E27: Mortenson | F27: Minassian | G27: Minassian | H27: Closed
D28: WC Needed | E28: WC Needed | F28: WC Needed | G28: Laura | H28: Closed
B29: =B26+7 -> 46209 | C29: =C26+7 -> 46210 | D29: =D26+7 -> 46211 | E29: =E26+7 -> 46212 | F29: =F26+7 -> 46213 | G29: =G26+7 -> 46214 | H29: =H26+7 -> 46215
B30: Mortenson | C30: Mortenson | D30: Mortenson | E30: Mortenson | F30: Minassian | G30: Minassian | H30: Closed
B31: WC Needed | C31: Yesenia | D31: Yesenia | E31: Yesenia | F31: Yesenia | G31: Laura | H31: Closed
B32: =B29+7 -> 46216 | C32: =C29+7 -> 46217 | D32: =D29+7 -> 46218 | E32: =E29+7 -> 46219 | F32: =F29+7 -> 46220 | G32: =G29+7 -> 46221 | H32: =H29+7 -> 46222 | X32: `
B33: Mortenson | C33: Mortenson | D33: Mortenson | E33: Mortenson | F33: Minassian | G33: Minassian | H33: Closed
B34: Yesenia | C34: Yesenia | D34: Yesenia | E34: Yesenia | F34: Yesenia | G34: Laura | H34: Closed
B35: =B32+7 -> 46223 | C35: =C32+7 -> 46224 | D35: =D32+7 -> 46225 | E35: =E32+7 -> 46226 | F35: =F32+7 -> 46227 | G35: =G32+7 -> 46228 | H35: =H32+7 -> 46229
B36: Mortenson | C36: Mortenson | D36: Mortenson | E36: Mortenson | F36: Minassian | G36: Minassian | H36: Closed
B37: Yesenia | C37: Yesenia | D37: Yesenia | E37: Yesenia | F37: Yesenia | G37: Dania | H37: Closed
B38: =B35+7 -> 46230 | C38: =C35+7 -> 46231 | D38: =D35+7 -> 46232 | E38: =E35+7 -> 46233 | F38: =F35+7 -> 46234 | G38: =G35+7 -> 46235 | H38: =H35+7 -> 46236
B39: Mortenson | C39: Mortenson | D39: Mortenson | E39: Mortenson | F39: Minassian
B40: Yesenia | C40: Yesenia | D40: Yesenia | E40: Yesenia | F40: Yesenia
B41: =B38+7 -> 46237 | C41: =C38+7 -> 46238 | D41: =D38+7 -> 46239 | E41: =E38+7 -> 46240 | F41: =F38+7 -> 46241 | G41: =G38+7 -> 46242 | H41: =H38+7 -> 46243
B45: =YEAR(TODAY()) -> 2026 | C45: AUGUST | E45: MONDAY | F45: Location: Burbank | G45: Lockbox Code: | H45: SWC: Dania SDC: Dr. Dalton | T45: x
B46: CALENDAR YEAR | C46: CALENDAR MONTH | E46: FIRST DAY OF WEEK
B47: =TEXT(B48,"dddd") -> Monday | C47: =TEXT(C48,"dddd") -> Tuesday | D47: =TEXT(D48,"dddd") -> Wednesday | E47: =TEXT(E48,"dddd") -> Thursday | F47: =TEXT(F48,"dddd") -> Friday | G47: =TEXT(G48,"dddd") -> Saturday | H47: =TEXT(H48,"dddd") -> Sunday
B48: {=DATE($B$45,MATCH(UPPER($C$45),{"JANUARY","FEBRUARY","MARCH","APRIL","MAY","JUNE","JULY","AUGUST","SEPTEMBER","OCTOBER","NOVEMBER","DECEMBER"},0),1)-MOD(WEEKDAY(DATE($B$45,MATCH(UPPER($C$45),{"JANUARY","FEBRUARY","MARCH","APRIL","MAY","JUNE","JULY","AUGUST","SEPTEMBER","OCTOBER","NOVEMBER","DECEMBER"},0),1),2)-MATCH(UPPER($E$45),{"MONDAY","TUESDAY","WEDNESDAY","THURSDAY","FRIDAY","SATURDAY","SUNDAY"},0),7)} -> 46230 | C48: =B48+1 -> 46231 | D48: =C48+1 -> 46232 | E48: =D48+1 -> 46233 | F48: =E48+1 -> 46234 | G48: =F48+1 -> 46235 | H48: =G48+1 -> 46236
G49: Minassian | H49: Closed
G50: Laura | H50: Closed
B51: =B48+7 -> 46237 | C51: =C48+7 -> 46238 | D51: =D48+7 -> 46239 | E51: =E48+7 -> 46240 | F51: =F48+7 -> 46241 | G51: =G48+7 -> 46242 | H51: =H48+7 -> 46243
B52: Mortenson | C52: Mortenson | D52: Mortenson | E52: Mortenson | F52: Minassian | G52: Minassian | H52: Closed
B53: Yesenia | C53: Yesenia | D53: Yesenia | E53: Yesenia | F53: Yesenia | G53: Laura | H53: Closed
B54: =B51+7 -> 46244 | C54: =C51+7 -> 46245 | D54: =D51+7 -> 46246 | E54: =E51+7 -> 46247 | F54: =F51+7 -> 46248 | G54: =G51+7 -> 46249 | H54: =H51+7 -> 46250 | X54: `
B55: Mortenson | C55: Mortenson | D55: Mortenson | E55: Mortenson | F55: Minassian | G55: Minassian | H55: Closed
B56: Yesenia | C56: Yesenia | D56: Yesenia | E56: Yesenia | F56: Yesenia | G56: Laura | H56: Closed
B57: =B54+7 -> 46251 | C57: =C54+7 -> 46252 | D57: =D54+7 -> 46253 | E57: =E54+7 -> 46254 | F57: =F54+7 -> 46255 | G57: =G54+7 -> 46256 | H57: =H54+7 -> 46257
B58: Mortenson | C58: Mortenson | D58: Mortenson | E58: Mortenson | F58: Minassian | G58: Minassian | H58: Closed
B59: Yesenia | C59: Yesenia | D59: Yesenia | E59: Yesenia | F59: Yesenia | G59: Laura | H59: Closed
B60: =B57+7 -> 46258 | C60: =C57+7 -> 46259 | D60: =D57+7 -> 46260 | E60: =E57+7 -> 46261 | F60: =F57+7 -> 46262 | G60: =G57+7 -> 46263 | H60: =H57+7 -> 46264
B61: Mortenson | C61: Mortenson | D61: Mortenson | E61: Mortenson | F61: Minassian | G61: Minassian | H61: Closed
B62: Yesenia | C62: Yesenia | D62: Yesenia | E62: Yesenia | F62: Yesenia | G62: Laura | H62: Closed
B63: =B60+7 -> 46265 | C63: =C60+7 -> 46266 | D63: =D60+7 -> 46267 | E63: =E60+7 -> 46268 | F63: =F60+7 -> 46269 | G63: =G60+7 -> 46270 | H63: =H60+7 -> 46271
B64: Mortenson
B65: Yesenia

Sheet Van Nuys
B1: =YEAR(TODAY()) -> 2026 | C1: JUNE | E1: MONDAY | F1: Location: Van Nuys | G1: Lockbox Code: | H1: SWC: Dania SDC: Dr. Dalton | T1: x
B2: CALENDAR YEAR | C2: CALENDAR MONTH | E2: FIRST DAY OF WEEK
B3: {=TEXT(B4,"dddd")} -> Monday | C3: =TEXT(C4,"dddd") -> Tuesday | D3: =TEXT(D4,"dddd") -> Wednesday | E3: =TEXT(E4,"dddd") -> Thursday | F3: =TEXT(F4,"dddd") -> Friday | G3: =TEXT(G4,"dddd") -> Saturday | H3: =TEXT(H4,"dddd") -> Sunday
B4: {=DATE($B$1,MATCH(UPPER($C$1),{"JANUARY","FEBRUARY","MARCH","APRIL","MAY","JUNE","JULY","AUGUST","SEPTEMBER","OCTOBER","NOVEMBER","DECEMBER"},0),1)-MOD(WEEKDAY(DATE($B$1,MATCH(UPPER($C$1),{"JANUARY","FEBRUARY","MARCH","APRIL","MAY","JUNE","JULY","AUGUST","SEPTEMBER","OCTOBER","NOVEMBER","DECEMBER"},0),1),2)-MATCH(UPPER($E$1),{"MONDAY","TUESDAY","WEDNESDAY","THURSDAY","FRIDAY","SATURDAY","SUNDAY"},0),7)} -> 46174 | C4: =B4+1 -> 46175 | D4: =C4+1 -> 46176 | E4: =D4+1 -> 46177 | F4: =E4+1 -> 46178 | G4: =F4+1 -> 46179 | H4: =G4+1 -> 46180
B5: Bystrom | C5: Bystrom | D5: Bystrom | E5: Bystrom | F5: Carlson | G5: DC Needed | H5: Bystrom
B6: Bobbi | C6: Bobbi | D6: Bobbi | E6: Bobbi 9:45-2/Laura 2:45-7 | F6: Bobbi | G6: Leigha | H6: Laura
B7: {=B4+7} -> 46181 | C7: =C4+7 -> 46182 | D7: =D4+7 -> 46183 | E7: =E4+7 -> 46184 | F7: =F4+7 -> 46185 | G7: =G4+7 -> 46186 | H7: =H4+7 -> 46187
B8: Bystrom | C8: Bystrom | D8: Bystrom | E8: Bystrom | F8: Carlson | G8: Dr. Lehnberg | H8: Bystrom
B9: Bobbi | C9: Bobbi | D9: Bobbi | E9: Laura | F9: Bobbi | G9: Leigha | H9: Laura
B10: {=B7+7} -> 46188 | C10: =C7+7 -> 46189 | D10: =D7+7 -> 46190 | E10: =E7+7 -> 46191 | F10: =F7+7 -> 46192 | G10: =G7+7 -> 46193 | H10: =H7+7 -> 46194 | X10: `
B11: Bystrom | C11: Bystrom | D11: Bystrom | E11: Bystrom | F11: Carlson | G11: DC needed | H11: Bystrom
B12: Bobbi | C12: Bobbi | D12: Bobbi | E12: Bobbi AM/Laura PM | F12: Bobbi | G12: WC Needed | H12: Laura
B13: {=B10+7} -> 46195 | C13: =C10+7 -> 46196 | D13: =D10+7 -> 46197 | E13: =E10+7 -> 46198 | F13: =F10+7 -> 46199 | G13: =G10+7 -> 46200 | H13: =H10+7 -> 46201
B14: Carlson | C14: Bystrom | D14: Bystrom | E14: Bystrom | F14: Carlson | G14: Dr. Dalton | H14: Bystrom
B15: Bobbi | C15: Bobbi | D15: Bobbi | E15: Bobbi AM/Laura PM | F15: Bobbi | G15: Leigha | H15: Laura
B16: {=B13+7} -> 46202 | C16: =C13+7 -> 46203 | D16: =D13+7 -> 46204 | E16: =E13+7 -> 46205 | F16: =F13+7 -> 46206 | G16: =G13+7 -> 46207 | H16: =H13+7 -> 46208
B17: Bystrom | C17: Dr. Carlson
B18: Bobbi | C18: Bobbi
B19: {=B16+7} -> 46209 | C19: =C16+7 -> 46210 | D19: =D16+7 -> 46211 | E19: =E16+7 -> 46212 | F19: =F16+7 -> 46213 | G19: =G16+7 -> 46214 | H19: =H16+7 -> 46215
B23: =YEAR(TODAY()) -> 2026 | C23: JULY | E23: MONDAY | F23: Location: Van Nuys | G23: Lockbox Code: | H23: SWC: Dania SDC: Dr. Dalton | T23: x
B24: CALENDAR YEAR | C24: CALENDAR MONTH | E24: FIRST DAY OF WEEK
B25: =TEXT(B26,"dddd") -> Monday | C25: =TEXT(C26,"dddd") -> Tuesday | D25: =TEXT(D26,"dddd") -> Wednesday | E25: =TEXT(E26,"dddd") -> Thursday | F25: =TEXT(F26,"dddd") -> Friday | G25: =TEXT(G26,"dddd") -> Saturday | H25: =TEXT(H26,"dddd") -> Sunday
B26: {=DATE($B$23,MATCH(UPPER($C$23),{"JANUARY","FEBRUARY","MARCH","APRIL","MAY","JUNE","JULY","AUGUST","SEPTEMBER","OCTOBER","NOVEMBER","DECEMBER"},0),1)-MOD(WEEKDAY(DATE($B$23,MATCH(UPPER($C$23),{"JANUARY","FEBRUARY","MARCH","APRIL","MAY","JUNE","JULY","AUGUST","SEPTEMBER","OCTOBER","NOVEMBER","DECEMBER"},0),1),2)-MATCH(UPPER($E$23),{"MONDAY","TUESDAY","WEDNESDAY","THURSDAY","FRIDAY","SATURDAY","SUNDAY"},0),7)} -> 46202 | C26: =B26+1 -> 46203 | D26: =C26+1 -> 46204 | E26: =D26+1 -> 46205 | F26: =E26+1 -> 46206 | G26: =F26+1 -> 46207 | H26: =G26+1 -> 46208
D27: Carlson | E27: Carlson | F27: Carlson | G27: CLOSED | H27: Carlson
D28: Bobbi | E28: Bobbi | F28: Bobbi | G28: CLOSED | H28: Laura
B29: =B26+7 -> 46209 | C29: =C26+7 -> 46210 | D29: =D26+7 -> 46211 | E29: =E26+7 -> 46212 | F29: =F26+7 -> 46213 | G29: =G26+7 -> 46214 | H29: =H26+7 -> 46215
B30: Carlson | C30: Carlson | D30: Carlson | E30: Bystrom | F30: Carlson | G30: DC Needed | H30: Bystrom
B31: Bobbi | C31: Bobbi | D31: Bobbi | E31: Bobbi | F31: Bobbi | G31: Leigha | H31: Laura
B32: =B29+7 -> 46216 | C32: =C29+7 -> 46217 | D32: =D29+7 -> 46218 | E32: =E29+7 -> 46219 | F32: =F29+7 -> 46220 | G32: =G29+7 -> 46221 | H32: =H29+7 -> 46222 | X32: `
B33: Bystrom | C33: Bystrom | D33: Bystrom | E33: Bystrom | F33: Carlson | G33: DC Needed | H33: Bystrom
B34: Bobbi | C34: Bobbi | D34: Bobbi | E34: Bobbi | F34: Bobbi | G34: Leigha | H34: Laura
B35: =B32+7 -> 46223 | C35: =C32+7 -> 46224 | D35: =D32+7 -> 46225 | E35: =E32+7 -> 46226 | F35: =F32+7 -> 46227 | G35: =G32+7 -> 46228 | H35: =H32+7 -> 46229
B36: Bystrom | C36: Bystrom | D36: Bystrom | E36: Bystrom | F36: Carlson | G36: DC Needed | H36: Bystrom
B37: Bobbi | C37: Bobbi | D37: Bobbi | E37: Bobbi | F37: Bobbi | G37: Leigha | H37: Laura
B38: =B35+7 -> 46230 | C38: =C35+7 -> 46231 | D38: =D35+7 -> 46232 | E38: =E35+7 -> 46233 | F38: =F35+7 -> 46234 | G38: =G35+7 -> 46235 | H38: =H35+7 -> 46236
B39: Bystrom | C39: Bystrom | D39: Bystrom | E39: Bystrom | F39: Carlson
B40: Bobbi | C40: Bobbi | D40: Bobbi | E40: Bobbi | F40: Bobbi
B41: =B38+7 -> 46237 | C41: =C38+7 -> 46238 | D41: =D38+7 -> 46239 | E41: =E38+7 -> 46240 | F41: =F38+7 -> 46241 | G41: =G38+7 -> 46242 | H41: =H38+7 -> 46243
B45: =YEAR(TODAY()) -> 2026 | C45: AUGUST | E45: MONDAY | F45: Location: Van Nuys | G45: Lockbox Code: | H45: SWC: Dania SDC: Dr. Dalton | T45: x
B46: CALENDAR YEAR | C46: CALENDAR MONTH | E46: FIRST DAY OF WEEK
B47: =TEXT(B48,"dddd") -> Monday | C47: =TEXT(C48,"dddd") -> Tuesday | D47: =TEXT(D48,"dddd") -> Wednesday | E47: =TEXT(E48,"dddd") -> Thursday | F47: =TEXT(F48,"dddd") -> Friday | G47: =TEXT(G48,"dddd") -> Saturday | H47: =TEXT(H48,"dddd") -> Sunday
B48: {=DATE($B$45,MATCH(UPPER($C$45),{"JANUARY","FEBRUARY","MARCH","APRIL","MAY","JUNE","JULY","AUGUST","SEPTEMBER","OCTOBER","NOVEMBER","DECEMBER"},0),1)-MOD(WEEKDAY(DATE($B$45,MATCH(UPPER($C$45),{"JANUARY","FEBRUARY","MARCH","APRIL","MAY","JUNE","JULY","AUGUST","SEPTEMBER","OCTOBER","NOVEMBER","DECEMBER"},0),1),2)-MATCH(UPPER($E$45),{"MONDAY","TUESDAY","WEDNESDAY","THURSDAY","FRIDAY","SATURDAY","SUNDAY"},0),7)} -> 46230 | C48: =B48+1 -> 46231 | D48: =C48+1 -> 46232 | E48: =D48+1 -> 46233 | F48: =E48+1 -> 46234 | G48: =F48+1 -> 46235 | H48: =G48+1 -> 46236
G49: DC Needed | H49: Bystrom
G50: Leigha | H50: Laura
B51: =B48+7 -> 46237 | C51: =C48+7 -> 46238 | D51: =D48+7 -> 46239 | E51: =E48+7 -> 46240 | F51: =F48+7 -> 46241 | G51: =G48+7 -> 46242 | H51: =H48+7 -> 46243
B52: Bystrom | C52: Bystrom | D52: Bystrom | E52: Bystrom | F52: Carlson | G52: DC Needed | H52: Bystrom
B53: Bobbi | C53: Bobbi | D53: Bobbi | E53: Bobbi | F53: Bobbi | G53: Leigha | H53: Laura
B54: =B51+7 -> 46244 | C54: =C51+7 -> 46245 | D54: =D51+7 -> 46246 | E54: =E51+7 -> 46247 | F54: =F51+7 -> 46248 | G54: =G51+7 -> 46249 | H54: =H51+7 -> 46250 | X54: `
B55: Bystrom | C55: Bystrom | D55: Bystrom | E55: Bystrom | F55: Carlson | G55: DC Needed | H55: Bystrom
B56: Bobbi | C56: Bobbi | D56: Bobbi | E56: Bobbi | F56: Bobbi | G56: Leigha | H56: Laura
B57: =B54+7 -> 46251 | C57: =C54+7 -> 46252 | D57: =D54+7 -> 46253 | E57: =E54+7 -> 46254 | F57: =F54+7 -> 46255 | G57: =G54+7 -> 46256 | H57: =H54+7 -> 46257
B58: Bystrom | C58: Bystrom | D58: Bystrom | E58: Bystrom | F58: Carlson | G58: DC Needed | H58: Bystrom
B59: Bobbi | C59: Bobbi | D59: Bobbi | E59: Bobbi | F59: Bobbi | G59: Leigha | H59: Laura
B60: =B57+7 -> 46258 | C60: =C57+7 -> 46259 | D60: =D57+7 -> 46260 | E60: =E57+7 -> 46261 | F60: =F57+7 -> 46262 | G60: =G57+7 -> 46263 | H60: =H57+7 -> 46264
B61: Bystrom | C61: Bystrom | D61: Bystrom | E61: Bystrom | F61: Carlson | G61: DC Needed | H61: Bystrom
B62: Bobbi | C62: Bobbi | D62: Bobbi | E62: Bobbi | F62: Bobbi | G62: Leigha | H62: Laura
B63: =B60+7 -> 46265 | C63: =C60+7 -> 46266 | D63: =D60+7 -> 46267 | E63: =E60+7 -> 46268 | F63: =F60+7 -> 46269 | G63: =G60+7 -> 46270 | H63: =H60+7 -> 46271
B64: Bystrom
B65: Bobbi

Sheet Torrance
B1: =YEAR(TODAY()) -> 2026 | C1: JUNE | E1: MONDAY | F1: Location: Torrance | G1: Lockbox Code: | H1: SWC: Lauren SDC: Dr. Bamberger | T1: x
B2: CALENDAR YEAR | C2: CALENDAR MONTH | E2: FIRST DAY OF WEEK
B3: {=TEXT(B4,"dddd")} -> Monday | C3: =TEXT(C4,"dddd") -> Tuesday | D3: =TEXT(D4,"dddd") -> Wednesday | E3: =TEXT(E4,"dddd") -> Thursday | F3: =TEXT(F4,"dddd") -> Friday | G3: =TEXT(G4,"dddd") -> Saturday | H3: =TEXT(H4,"dddd") -> Sunday
B4: {=DATE($B$1,MATCH(UPPER($C$1),{"JANUARY","FEBRUARY","MARCH","APRIL","MAY","JUNE","JULY","AUGUST","SEPTEMBER","OCTOBER","NOVEMBER","DECEMBER"},0),1)-MOD(WEEKDAY(DATE($B$1,MATCH(UPPER($C$1),{"JANUARY","FEBRUARY","MARCH","APRIL","MAY","JUNE","JULY","AUGUST","SEPTEMBER","OCTOBER","NOVEMBER","DECEMBER"},0),1),2)-MATCH(UPPER($E$1),{"MONDAY","TUESDAY","WEDNESDAY","THURSDAY","FRIDAY","SATURDAY","SUNDAY"},0),7)} -> 46174 | C4: =B4+1 -> 46175 | D4: =C4+1 -> 46176 | E4: =D4+1 -> 46177 | F4: =E4+1 -> 46178 | G4: =F4+1 -> 46179 | H4: =G4+1 -> 46180
B5: Lehnberg | C5: Lehnberg | D5: Lehnberg | E5: DC Needed | F5: DC Needed | G5: Dr. Chapman | H5: Kemper
B6: Ariana | C6: Ariana | D6: Ariana | E6: Ariana | F6: Ariana | G6: Lidia | H6: Lidia
B7: {=B4+7} -> 46181 | C7: =C4+7 -> 46182 | D7: =D4+7 -> 46183 | E7: =E4+7 -> 46184 | F7: =F4+7 -> 46185 | G7: =G4+7 -> 46186 | H7: =H4+7 -> 46187
B8: Lehnberg | C8: Dewitt | D8: Dewitt | E8: Dewitt | F8: Dewitt | G8: Dewitt | H8: Kemper
B9: Ariana | C9: Ariana | D9: Lauren | E9: Ariana | F9: Ariana | G9: Lidia | H9: Lidia
B10: {=B7+7} -> 46188 | C10: =C7+7 -> 46189 | D10: =D7+7 -> 46190 | E10: =E7+7 -> 46191 | F10: =F7+7 -> 46192 | G10: =G7+7 -> 46193 | H10: =H7+7 -> 46194 | X10: `
B11: Lehnberg | C11: Dewitt | D11: Dewitt | E11: Dewitt | F11: Dewitt | G11: Dewitt | H11: Kemper
B12: Ariana | C12: Ariana | D12: Ariana | E12: Ariana | F12: Karen | G12: Lidia | H12: Lidia
B13: {=B10+7} -> 46195 | C13: =C10+7 -> 46196 | D13: =D10+7 -> 46197 | E13: =E10+7 -> 46198 | F13: =F10+7 -> 46199 | G13: =G10+7 -> 46200 | H13: =H10+7 -> 46201
B14: Lehnberg | C14: Dewitt | D14: Dewitt | E14: Dewitt | F14: Dewitt | G14: Dewitt | H14: Kemper
B15: Ariana | C15: Ariana | D15: Ariana | E15: Ariana | F15: Ariana | G15: Lidia | H15: Lidia
B16: {=B13+7} -> 46202 | C16: =C13+7 -> 46203 | D16: =D13+7 -> 46204 | E16: =E13+7 -> 46205 | F16: =F13+7 -> 46206 | G16: =G13+7 -> 46207 | H16: =H13+7 -> 46208
B17: Lehnberg | C17: Dewitt
B18: Lauren | C18: Ariana
B19: {=B16+7} -> 46209 | C19: =C16+7 -> 46210 | D19: =D16+7 -> 46211 | E19: =E16+7 -> 46212 | F19: =F16+7 -> 46213 | G19: =G16+7 -> 46214 | H19: =H16+7 -> 46215
B23: =YEAR(TODAY()) -> 2026 | C23: JULY | E23: MONDAY | F23: Location: Torrance | G23: Lockbox Code: | H23: SWC: Lauren SDC: Dr. Bamberger | T23: x
B24: CALENDAR YEAR | C24: CALENDAR MONTH | E24: FIRST DAY OF WEEK
B25: =TEXT(B26,"dddd") -> Monday | C25: =TEXT(C26,"dddd") -> Tuesday | D25: =TEXT(D26,"dddd") -> Wednesday | E25: =TEXT(E26,"dddd") -> Thursday | F25: =TEXT(F26,"dddd") -> Friday | G25: =TEXT(G26,"dddd") -> Saturday | H25: =TEXT(H26,"dddd") -> Sunday
B26: {=DATE($B$23,MATCH(UPPER($C$23),{"JANUARY","FEBRUARY","MARCH","APRIL","MAY","JUNE","JULY","AUGUST","SEPTEMBER","OCTOBER","NOVEMBER","DECEMBER"},0),1)-MOD(WEEKDAY(DATE($B$23,MATCH(UPPER($C$23),{"JANUARY","FEBRUARY","MARCH","APRIL","MAY","JUNE","JULY","AUGUST","SEPTEMBER","OCTOBER","NOVEMBER","DECEMBER"},0),1),2)-MATCH(UPPER($E$23),{"MONDAY","TUESDAY","WEDNESDAY","THURSDAY","FRIDAY","SATURDAY","SUNDAY"},0),7)} -> 46202 | C26: =B26+1 -> 46203 | D26: =C26+1 -> 46204 | E26: =D26+1 -> 46205 | F26: =E26+1 -> 46206 | G26: =F26+1 -> 46207 | H26: =G26+1 -> 46208
D27: Dewitt | E27: Dewitt | F27: Dewitt | G27: Closed | H27: Kemper
D28: Ariana | E28: WC Needed | F28: WC Needed | G28: Closed | H28: Lidia
B29: =B26+7 -> 46209 | C29: =C26+7 -> 46210 | D29: =D26+7 -> 46211 | E29: =E26+7 -> 46212 | F29: =F26+7 -> 46213 | G29: =G26+7 -> 46214 | H29: =H26+7 -> 46215
B30: Lenhberg | C30: Dewitt | D30: Dewitt | E30: Dewitt | F30: Dewitt | G30: Dewitt | H30: Kemper
B31: WC Needed | C31: Ariana | D31: Ariana | E31: Ariana | F31: Ariana | G31: Lidia | H31: Lidia
B32: =B29+7 -> 46216 | C32: =C29+7 -> 46217 | D32: =D29+7 -> 46218 | E32: =E29+7 -> 46219 | F32: =F29+7 -> 46220 | G32: =G29+7 -> 46221 | H32: =H29+7 -> 46222 | X32: `
B33: Lenhberg | C33: Dewitt | D33: Dewitt | E33: Dewitt | F33: Dewitt | G33: Dewitt | H33: Kemper
B34: Ariana | C34: Ariana | D34: Ariana | E34: Ariana | F34: Ariana | G34: Lidia | H34: Lidia
B35: =B32+7 -> 46223 | C35: =C32+7 -> 46224 | D35: =D32+7 -> 46225 | E35: =E32+7 -> 46226 | F35: =F32+7 -> 46227 | G35: =G32+7 -> 46228 | H35: =H32+7 -> 46229
B36: Lenhberg | C36: Dewitt | D36: Dewitt | E36: Dewitt | F36: Dewitt | G36: Dewitt | H36: DC Needed
B37: Ariana | C37: Ariana | D37: Ariana | E37: Ariana | F37: Ariana | G37: Lidia | H37: Lidia
B38: =B35+7 -> 46230 | C38: =C35+7 -> 46231 | D38: =D35+7 -> 46232 | E38: =E35+7 -> 46233 | F38: =F35+7 -> 46234 | G38: =G35+7 -> 46235 | H38: =H35+7 -> 46236
B39: Lenhberg | C39: Dewitt | D39: Dewitt | E39: Dewitt | F39: Dewitt
B40: Ariana | C40: Ariana | D40: Ariana | E40: Ariana | F40: Ariana
B41: =B38+7 -> 46237 | C41: =C38+7 -> 46238 | D41: =D38+7 -> 46239 | E41: =E38+7 -> 46240 | F41: =F38+7 -> 46241 | G41: =G38+7 -> 46242 | H41: =H38+7 -> 46243
B45: =YEAR(TODAY()) -> 2026 | C45: AUGUST | E45: MONDAY | F45: Location: Torrance | G45: Lockbox Code: | H45: SWC: Lauren SDC: Dr. Bamberger | T45: x
B46: CALENDAR YEAR | C46: CALENDAR MONTH | E46: FIRST DAY OF WEEK
B47: =TEXT(B48,"dddd") -> Monday | C47: =TEXT(C48,"dddd") -> Tuesday | D47: =TEXT(D48,"dddd") -> Wednesday | E47: =TEXT(E48,"dddd") -> Thursday | F47: =TEXT(F48,"dddd") -> Friday | G47: =TEXT(G48,"dddd") -> Saturday | H47: =TEXT(H48,"dddd") -> Sunday
B48: {=DATE($B$45,MATCH(UPPER($C$45),{"JANUARY","FEBRUARY","MARCH","APRIL","MAY","JUNE","JULY","AUGUST","SEPTEMBER","OCTOBER","NOVEMBER","DECEMBER"},0),1)-MOD(WEEKDAY(DATE($B$45,MATCH(UPPER($C$45),{"JANUARY","FEBRUARY","MARCH","APRIL","MAY","JUNE","JULY","AUGUST","SEPTEMBER","OCTOBER","NOVEMBER","DECEMBER"},0),1),2)-MATCH(UPPER($E$45),{"MONDAY","TUESDAY","WEDNESDAY","THURSDAY","FRIDAY","SATURDAY","SUNDAY"},0),7)} -> 46230 | C48: =B48+1 -> 46231 | D48: =C48+1 -> 46232 | E48: =D48+1 -> 46233 | F48: =E48+1 -> 46234 | G48: =F48+1 -> 46235 | H48: =G48+1 -> 46236
G49: Dewitt | H49: Kemper
G50: Lidia | H50: Lidia
B51: =B48+7 -> 46237 | C51: =C48+7 -> 46238 | D51: =D48+7 -> 46239 | E51: =E48+7 -> 46240 | F51: =F48+7 -> 46241 | G51: =G48+7 -> 46242 | H51: =H48+7 -> 46243
B52: Lenhberg | C52: Dewitt | D52: Dewitt | E52: Dewitt | F52: Dewitt | G52: Dewitt | H52: Kemper
B53: Ariana | C53: Ariana | D53: Ariana | E53: Ariana | F53: Ariana | G53: Lidia | H53: Lidia
B54: =B51+7 -> 46244 | C54: =C51+7 -> 46245 | D54: =D51+7 -> 46246 | E54: =E51+7 -> 46247 | F54: =F51+7 -> 46248 | G54: =G51+7 -> 46249 | H54: =H51+7 -> 46250 | X54: `
B55: Lenhberg | C55: Dewitt | D55: Dewitt | E55: Dewitt | F55: Dewitt | G55: Dewitt | H55: Kemper
B56: Ariana | C56: Ariana | D56: Ariana | E56: Ariana | F56: Ariana | G56: Lidia | H56: Lidia
B57: =B54+7 -> 46251 | C57: =C54+7 -> 46252 | D57: =D54+7 -> 46253 | E57: =E54+7 -> 46254 | F57: =F54+7 -> 46255 | G57: =G54+7 -> 46256 | H57: =H54+7 -> 46257
B58: Lenhberg | C58: Dewitt | D58: Dewitt | E58: Dewitt | F58: Dewitt | G58: Dewitt | H58: Kemper
B59: Ariana | C59: Ariana | D59: Ariana | E59: Ariana | F59: Ariana | G59: Lidia | H59: Lidia
B60: =B57+7 -> 46258 | C60: =C57+7 -> 46259 | D60: =D57+7 -> 46260 | E60: =E57+7 -> 46261 | F60: =F57+7 -> 46262 | G60: =G57+7 -> 46263 | H60: =H57+7 -> 46264
B61: Lenhberg | C61: Dewitt | D61: Dewitt | E61: Dewitt | F61: Dewitt | G61: Dewitt | H61: Kemper
B62: Ariana | C62: Ariana | D62: Ariana | E62: Ariana | F62: Ariana | G62: Lidia | H62: Lidia
B63: =B60+7 -> 46265 | C63: =C60+7 -> 46266 | D63: =D60+7 -> 46267 | E63: =E60+7 -> 46268 | F63: =F60+7 -> 46269 | G63: =G60+7 -> 46270 | H63: =H60+7 -> 46271
B64: Lenhberg
B65: Ariana

Sheet Sunset Galleria
B1: =YEAR(TODAY()) -> 2026 | C1: JUNE | E1: MONDAY | F1: Location: Sunset Galleria | G1: Lockbox Code: | H1: SWC: Lauren SDC: Dr. Dalton | T1: x
B2: CALENDAR YEAR | C2: CALENDAR MONTH | E2: FIRST DAY OF WEEK
B3: {=TEXT(B4,"dddd")} -> Monday | C3: =TEXT(C4,"dddd") -> Tuesday | D3: =TEXT(D4,"dddd") -> Wednesday | E3: =TEXT(E4,"dddd") -> Thursday | F3: =TEXT(F4,"dddd") -> Friday | G3: =TEXT(G4,"dddd") -> Saturday | H3: =TEXT(H4,"dddd") -> Sunday
B4: {=DATE($B$1,MATCH(UPPER($C$1),{"JANUARY","FEBRUARY","MARCH","APRIL","MAY","JUNE","JULY","AUGUST","SEPTEMBER","OCTOBER","NOVEMBER","DECEMBER"},0),1)-MOD(WEEKDAY(DATE($B$1,MATCH(UPPER($C$1),{"JANUARY","FEBRUARY","MARCH","APRIL","MAY","JUNE","JULY","AUGUST","SEPTEMBER","OCTOBER","NOVEMBER","DECEMBER"},0),1),2)-MATCH(UPPER($E$1),{"MONDAY","TUESDAY","WEDNESDAY","THURSDAY","FRIDAY","SATURDAY","SUNDAY"},0),7)} -> 46174 | C4: =B4+1 -> 46175 | D4: =C4+1 -> 46176 | E4: =D4+1 -> 46177 | F4: =E4+1 -> 46178 | G4: =F4+1 -> 46179 | H4: =G4+1 -> 46180
B5: Kim | C5: Kim | D5: Kim | E5: Dalton | F5: DC Needed | G5: DC Needed | H5: Closed
B6: Lorraine | C6: Lorraine | D6: June | E6: June | F6: Lorraine | G6: June | H6: Closed
B7: {=B4+7} -> 46181 | C7: =C4+7 -> 46182 | D7: =D4+7 -> 46183 | E7: =E4+7 -> 46184 | F7: =F4+7 -> 46185 | G7: =G4+7 -> 46186 | H7: =H4+7 -> 46187
B8: Kim | C8: Kim | D8: Kim | E8: Kim | F8: Kim | G8: DC Needed | H8: Closed
B9: June | C9: Lorraine | D9: Lorraine | E9: Lorraine | F9: June | G9: June | H9: Closed
B10: {=B7+7} -> 46188 | C10: =C7+7 -> 46189 | D10: =D7+7 -> 46190 | E10: =E7+7 -> 46191 | F10: =F7+7 -> 46192 | G10: =G7+7 -> 46193 | H10: =H7+7 -> 46194 | X10: `
B11: Kim | C11: Kim | D11: Kim | E11: Kim | F11: Kim | G11: DC Coverage needed | H11: Closed
B12: June | C12: Lorraine | D12: Lorraine | E12: Lorraine | F12: June | G12: June | H12: Closed
B13: {=B10+7} -> 46195 | C13: =C10+7 -> 46196 | D13: =D10+7 -> 46197 | E13: =E10+7 -> 46198 | F13: =F10+7 -> 46199 | G13: =G10+7 -> 46200 | H13: =H10+7 -> 46201
B14: Kim | C14: Kim | D14: Kim | E14: Kim | F14: Kim | G14: Kemper | H14: Closed
B15: June | C15: Lorraine | D15: Lorraine | E15: June | F15: June | G15: June | H15: Closed
B16: {=B13+7} -> 46202 | C16: =C13+7 -> 46203 | D16: =D13+7 -> 46204 | E16: =E13+7 -> 46205 | F16: =F13+7 -> 46206 | G16: =G13+7 -> 46207 | H16: =H13+7 -> 46208
B17: Kim | C17: Kim
B18: June | C18: Lorraine | U18: `
B19: {=B16+7} -> 46209 | C19: =C16+7 -> 46210 | D19: =D16+7 -> 46211 | E19: =E16+7 -> 46212 | F19: =F16+7 -> 46213 | G19: =G16+7 -> 46214 | H19: =H16+7 -> 46215
B23: =YEAR(TODAY()) -> 2026 | C23: JULY | E23: MONDAY | F23: Location: Sunset Galleria | G23: Lockbox Code: | H23: SWC: Lauren SDC: Dr. Dalton | T23: x
B24: CALENDAR YEAR | C24: CALENDAR MONTH | E24: FIRST DAY OF WEEK
B25: =TEXT(B26,"dddd") -> Monday | C25: =TEXT(C26,"dddd") -> Tuesday | D25: =TEXT(D26,"dddd") -> Wednesday | E25: =TEXT(E26,"dddd") -> Thursday | F25: =TEXT(F26,"dddd") -> Friday | G25: =TEXT(G26,"dddd") -> Saturday | H25: =TEXT(H26,"dddd") -> Sunday
B26: {=DATE($B$23,MATCH(UPPER($C$23),{"JANUARY","FEBRUARY","MARCH","APRIL","MAY","JUNE","JULY","AUGUST","SEPTEMBER","OCTOBER","NOVEMBER","DECEMBER"},0),1)-MOD(WEEKDAY(DATE($B$23,MATCH(UPPER($C$23),{"JANUARY","FEBRUARY","MARCH","APRIL","MAY","JUNE","JULY","AUGUST","SEPTEMBER","OCTOBER","NOVEMBER","DECEMBER"},0),1),2)-MATCH(UPPER($E$23),{"MONDAY","TUESDAY","WEDNESDAY","THURSDAY","FRIDAY","SATURDAY","SUNDAY"},0),7)} -> 46202 | C26: =B26+1 -> 46203 | D26: =C26+1 -> 46204 | E26: =D26+1 -> 46205 | F26: =E26+1 -> 46206 | G26: =F26+1 -> 46207 | H26: =G26+1 -> 46208
D27: Kim | E27: Kim | F27: Kim | G27: Closed | H27: Closed
D28: Lorraine | E28: Lorraine | F28: June | G28: Closed | H28: Closed
B29: =B26+7 -> 46209 | C29: =C26+7 -> 46210 | D29: =D26+7 -> 46211 | E29: =E26+7 -> 46212 | F29: =F26+7 -> 46213 | G29: =G26+7 -> 46214 | H29: =H26+7 -> 46215
B30: Kim | C30: Kim | D30: Kim | E30: Kim | F30: Kim | G30: Closed | H30: Closed
B31: June | C31: Lorraine | D31: Lorraine | E31: Lorraine | F31: June | G31: Closed | H31: Closed
B32: =B29+7 -> 46216 | C32: =C29+7 -> 46217 | D32: =D29+7 -> 46218 | E32: =E29+7 -> 46219 | F32: =F29+7 -> 46220 | G32: =G29+7 -> 46221 | H32: =H29+7 -> 46222 | X32: `
B33: Kim | C33: Kim | D33: Kim | E33: Kim | F33: Kim | G33: Closed | H33: Closed
B34: June | C34: Lorraine | D34: Lorraine | E34: Lorraine | F34: June | G34: Closed | H34: Closed
B35: =B32+7 -> 46223 | C35: =C32+7 -> 46224 | D35: =D32+7 -> 46225 | E35: =E32+7 -> 46226 | F35: =F32+7 -> 46227 | G35: =G32+7 -> 46228 | H35: =H32+7 -> 46229
B36: Kim | C36: Kim | D36: Kim | E36: Kim | F36: Kim | G36: Closed | H36: Closed
B37: June | C37: Lorraine | D37: Lorraine | E37: Lorraine | F37: June | G37: Closed | H37: Closed
B38: =B35+7 -> 46230 | C38: =C35+7 -> 46231 | D38: =D35+7 -> 46232 | E38: =E35+7 -> 46233 | F38: =F35+7 -> 46234 | G38: =G35+7 -> 46235 | H38: =H35+7 -> 46236
B39: Kim | C39: Kim | D39: Kim | E39: Kim | F39: Kim
B40: June | C40: Lorraine | D40: Lorraine | E40: Lorraine | F40: June | U40: `
B41: =B38+7 -> 46237 | C41: =C38+7 -> 46238 | D41: =D38+7 -> 46239 | E41: =E38+7 -> 46240 | F41: =F38+7 -> 46241 | G41: =G38+7 -> 46242 | H41: =H38+7 -> 46243
B45: =YEAR(TODAY()) -> 2026 | C45: AUGUST | E45: MONDAY | F45: Location: Sunset Galleria | G45: Lockbox Code: | H45: SWC: Lauren SDC: Dr. Dalton | T45: x
B46: CALENDAR YEAR | C46: CALENDAR MONTH | E46: FIRST DAY OF WEEK
B47: =TEXT(B48,"dddd") -> Monday | C47: =TEXT(C48,"dddd") -> Tuesday | D47: =TEXT(D48,"dddd") -> Wednesday | E47: =TEXT(E48,"dddd") -> Thursday | F47: =TEXT(F48,"dddd") -> Friday | G47: =TEXT(G48,"dddd") -> Saturday | H47: =TEXT(H48,"dddd") -> Sunday
B48: {=DATE($B$45,MATCH(UPPER($C$45),{"JANUARY","FEBRUARY","MARCH","APRIL","MAY","JUNE","JULY","AUGUST","SEPTEMBER","OCTOBER","NOVEMBER","DECEMBER"},0),1)-MOD(WEEKDAY(DATE($B$45,MATCH(UPPER($C$45),{"JANUARY","FEBRUARY","MARCH","APRIL","MAY","JUNE","JULY","AUGUST","SEPTEMBER","OCTOBER","NOVEMBER","DECEMBER"},0),1),2)-MATCH(UPPER($E$45),{"MONDAY","TUESDAY","WEDNESDAY","THURSDAY","FRIDAY","SATURDAY","SUNDAY"},0),7)} -> 46230 | C48: =B48+1 -> 46231 | D48: =C48+1 -> 46232 | E48: =D48+1 -> 46233 | F48: =E48+1 -> 46234 | G48: =F48+1 -> 46235 | H48: =G48+1 -> 46236
G49: Closed | H49: Closed
G50: Closed | H50: Closed
B51: =B48+7 -> 46237 | C51: =C48+7 -> 46238 | D51: =D48+7 -> 46239 | E51: =E48+7 -> 46240 | F51: =F48+7 -> 46241 | G51: =G48+7 -> 46242 | H51: =H48+7 -> 46243
B52: Kim | C52: Kim | D52: Kim | E52: Kim | F52: Kim | G52: Closed | H52: Closed
B53: June | C53: Lorraine | D53: Lorraine | E53: Lorraine | F53: June | G53: Closed | H53: Closed
B54: =B51+7 -> 46244 | C54: =C51+7 -> 46245 | D54: =D51+7 -> 46246 | E54: =E51+7 -> 46247 | F54: =F51+7 -> 46248 | G54: =G51+7 -> 46249 | H54: =H51+7 -> 46250 | X54: `
B55: Kim | C55: Kim | D55: Kim | E55: Kim | F55: Kim | G55: Closed | H55: Closed
B56: June | C56: Lorraine | D56: Lorraine | E56: Lorraine | F56: June | G56: Closed | H56: Closed
B57: =B54+7 -> 46251 | C57: =C54+7 -> 46252 | D57: =D54+7 -> 46253 | E57: =E54+7 -> 46254 | F57: =F54+7 -> 46255 | G57: =G54+7 -> 46256 | H57: =H54+7 -> 46257
B58: Kim | C58: Kim | D58: Kim | E58: Kim | F58: Kim | G58: Closed | H58: Closed
B59: June | C59: Lorraine | D59: Lorraine | E59: Lorraine | F59: June | G59: Closed | H59: Closed
B60: =B57+7 -> 46258 | C60: =C57+7 -> 46259 | D60: =D57+7 -> 46260 | E60: =E57+7 -> 46261 | F60: =F57+7 -> 46262 | G60: =G57+7 -> 46263 | H60: =H57+7 -> 46264
B61: Kim | C61: Kim | D61: Kim | E61: Kim | F61: Kim | G61: Closed | H61: Closed
B62: June | C62: Lorraine | D62: Lorraine | E62: Lorraine | F62: June | G62: Closed | H62: Closed | U62: `
B63: =B60+7 -> 46265 | C63: =C60+7 -> 46266 | D63: =D60+7 -> 46267 | E63: =E60+7 -> 46268 | F63: =F60+7 -> 46269 | G63: =G60+7 -> 46270 | H63: =H60+7 -> 46271
B64: Kim
B65: June

Sheet Lakewood
B1: =YEAR(TODAY()) -> 2026 | C1: JUNE | E1: MONDAY | F1: Location: Lakewood | G1: Lockbox Code: | H1: SWC: Lauren SDC: Dr. Bamberger | T1: x
B2: CALENDAR YEAR | C2: CALENDAR MONTH | E2: FIRST DAY OF WEEK
B3: {=TEXT(B4,"dddd")} -> Monday | C3: =TEXT(C4,"dddd") -> Tuesday | D3: =TEXT(D4,"dddd") -> Wednesday | E3: =TEXT(E4,"dddd") -> Thursday | F3: =TEXT(F4,"dddd") -> Friday | G3: =TEXT(G4,"dddd") -> Saturday | H3: =TEXT(H4,"dddd") -> Sunday
B4: {=DATE($B$1,MATCH(UPPER($C$1),{"JANUARY","FEBRUARY","MARCH","APRIL","MAY","JUNE","JULY","AUGUST","SEPTEMBER","OCTOBER","NOVEMBER","DECEMBER"},0),1)-MOD(WEEKDAY(DATE($B$1,MATCH(UPPER($C$1),{"JANUARY","FEBRUARY","MARCH","APRIL","MAY","JUNE","JULY","AUGUST","SEPTEMBER","OCTOBER","NOVEMBER","DECEMBER"},0),1),2)-MATCH(UPPER($E$1),{"MONDAY","TUESDAY","WEDNESDAY","THURSDAY","FRIDAY","SATURDAY","SUNDAY"},0),7)} -> 46174 | C4: =B4+1 -> 46175 | D4: =C4+1 -> 46176 | E4: =D4+1 -> 46177 | F4: =E4+1 -> 46178 | G4: =F4+1 -> 46179 | H4: =G4+1 -> 46180
B5: Ontiveros | C5: Ontiveros | D5: Ontiveros | E5: Ontiveros | F5: Sal | G5: Sal | H5: Ontiveros
B6: Katyln | C6: Katyln | D6: Katyln | E6: Katyln | F6: Lauren | G6: Lauren | H6: Lauren
B7: {=B4+7} -> 46181 | C7: =C4+7 -> 46182 | D7: =D4+7 -> 46183 | E7: =E4+7 -> 46184 | F7: =F4+7 -> 46185 | G7: =G4+7 -> 46186 | H7: =H4+7 -> 46187
B8: Ontiveros | C8: Ontiveros | D8: Ontiveros | E8: Ontiveros | F8: Sal | G8: Sal | H8: Ontiveros
B9: Katyln | C9: Katyln | D9: Katyln | E9: Katyln | F9: Lauren | G9: Lauren | H9: Lauren
B10: {=B7+7} -> 46188 | C10: =C7+7 -> 46189 | D10: =D7+7 -> 46190 | E10: =E7+7 -> 46191 | F10: =F7+7 -> 46192 | G10: =G7+7 -> 46193 | H10: =H7+7 -> 46194 | X10: `
B11: Ontiveros | C11: Ontiveros | D11: Ontiveros | E11: Ontiveros | F11: Sal | G11: Peng | H11: Closed
B12: Katyln | C12: Katyln | D12: Katyln | E12: Katyln | F12: Lauren | G12: Lauren | H12: Closed
B13: {=B10+7} -> 46195 | C13: =C10+7 -> 46196 | D13: =D10+7 -> 46197 | E13: =E10+7 -> 46198 | F13: =F10+7 -> 46199 | G13: =G10+7 -> 46200 | H13: =H10+7 -> 46201
B14: Ontiveros | C14: Ontiveros | D14: Ontiveros | E14: Ontiveros | F14: Sal | G14: Sal | H14: Closed
B15: Katyln | C15: Katyln | D15: Katyln | E15: Katyln | F15: Lauren | G15: Lauren | H15: Closed
B16: {=B13+7} -> 46202 | C16: =C13+7 -> 46203 | D16: =D13+7 -> 46204 | E16: =E13+7 -> 46205 | F16: =F13+7 -> 46206 | G16: =G13+7 -> 46207 | H16: =H13+7 -> 46208
B17: Ontiveros | C17: Ontiveros
B18: Katyln | C18: Katyln | U18: `
B19: {=B16+7} -> 46209 | C19: =C16+7 -> 46210 | D19: =D16+7 -> 46211 | E19: =E16+7 -> 46212 | F19: =F16+7 -> 46213 | G19: =G16+7 -> 46214 | H19: =H16+7 -> 46215
B23: =YEAR(TODAY()) -> 2026 | C23: JULY | E23: MONDAY | F23: Location: Lakewood | G23: Lockbox Code: | H23: SWC: Lauren SDC: Dr. Bamberger | T23: x
B24: CALENDAR YEAR | C24: CALENDAR MONTH | E24: FIRST DAY OF WEEK
B25: =TEXT(B26,"dddd") -> Monday | C25: =TEXT(C26,"dddd") -> Tuesday | D25: =TEXT(D26,"dddd") -> Wednesday | E25: =TEXT(E26,"dddd") -> Thursday | F25: =TEXT(F26,"dddd") -> Friday | G25: =TEXT(G26,"dddd") -> Saturday | H25: =TEXT(H26,"dddd") -> Sunday
B26: {=DATE($B$23,MATCH(UPPER($C$23),{"JANUARY","FEBRUARY","MARCH","APRIL","MAY","JUNE","JULY","AUGUST","SEPTEMBER","OCTOBER","NOVEMBER","DECEMBER"},0),1)-MOD(WEEKDAY(DATE($B$23,MATCH(UPPER($C$23),{"JANUARY","FEBRUARY","MARCH","APRIL","MAY","JUNE","JULY","AUGUST","SEPTEMBER","OCTOBER","NOVEMBER","DECEMBER"},0),1),2)-MATCH(UPPER($E$23),{"MONDAY","TUESDAY","WEDNESDAY","THURSDAY","FRIDAY","SATURDAY","SUNDAY"},0),7)} -> 46202 | C26: =B26+1 -> 46203 | D26: =C26+1 -> 46204 | E26: =D26+1 -> 46205 | F26: =E26+1 -> 46206 | G26: =F26+1 -> 46207 | H26: =G26+1 -> 46208
D27: Ontiveros | E27: Ontiveros | F27: Sal | G27: Closed | H27: Closed
D28: Katyln | E28: Katyln | F28: Lauren | G28: Closed | H28: Closed
B29: =B26+7 -> 46209 | C29: =C26+7 -> 46210 | D29: =D26+7 -> 46211 | E29: =E26+7 -> 46212 | F29: =F26+7 -> 46213 | G29: =G26+7 -> 46214 | H29: =H26+7 -> 46215
B30: Ontiveros | C30: Ontiveros | D30: Ontiveros | E30: Ontiveros | F30: Sal | G30: Sal | H30: Closed
B31: Katyln | C31: Katyln | D31: Katyln | E31: Katyln | F31: Lauren | G31: Lauren | H31: Closed
B32: =B29+7 -> 46216 | C32: =C29+7 -> 46217 | D32: =D29+7 -> 46218 | E32: =E29+7 -> 46219 | F32: =F29+7 -> 46220 | G32: =G29+7 -> 46221 | H32: =H29+7 -> 46222 | X32: `
B33: Ontiveros | C33: Ontiveros | D33: Ontiveros | E33: Ontiveros | F33: Sal | G33: Sal | H33: Closed
B34: Katyln | C34: Katyln | D34: Katyln | E34: Katyln | F34: Lauren | G34: Lauren | H34: Closed
B35: =B32+7 -> 46223 | C35: =C32+7 -> 46224 | D35: =D32+7 -> 46225 | E35: =E32+7 -> 46226 | F35: =F32+7 -> 46227 | G35: =G32+7 -> 46228 | H35: =H32+7 -> 46229
B36: Ontiveros | C36: Ontiveros | D36: Ontiveros | E36: Ontiveros | F36: Sal | G36: Sal | H36: Closed
B37: Katyln | C37: Katyln | D37: Katyln | E37: Katyln | F37: Lauren | G37: Lauren | H37: Closed
B38: =B35+7 -> 46230 | C38: =C35+7 -> 46231 | D38: =D35+7 -> 46232 | E38: =E35+7 -> 46233 | F38: =F35+7 -> 46234 | G38: =G35+7 -> 46235 | H38: =H35+7 -> 46236
B39: Ontiveros | C39: Ontiveros | D39: Ontiveros | E39: Ontiveros | F39: Sal
B40: Katyln | C40: Katyln | D40: Katyln | E40: Katyln | F40: Lauren | U40: `
B41: =B38+7 -> 46237 | C41: =C38+7 -> 46238 | D41: =D38+7 -> 46239 | E41: =E38+7 -> 46240 | F41: =F38+7 -> 46241 | G41: =G38+7 -> 46242 | H41: =H38+7 -> 46243
B45: =YEAR(TODAY()) -> 2026 | C45: AUGUST | E45: MONDAY | F45: Location: Lakewood | G45: Lockbox Code: | H45: SWC: Lauren SDC: Dr. Bamberger | T45: x
B46: CALENDAR YEAR | C46: CALENDAR MONTH | E46: FIRST DAY OF WEEK
B47: =TEXT(B48,"dddd") -> Monday | C47: =TEXT(C48,"dddd") -> Tuesday | D47: =TEXT(D48,"dddd") -> Wednesday | E47: =TEXT(E48,"dddd") -> Thursday | F47: =TEXT(F48,"dddd") -> Friday | G47: =TEXT(G48,"dddd") -> Saturday | H47: =TEXT(H48,"dddd") -> Sunday
B48: {=DATE($B$45,MATCH(UPPER($C$45),{"JANUARY","FEBRUARY","MARCH","APRIL","MAY","JUNE","JULY","AUGUST","SEPTEMBER","OCTOBER","NOVEMBER","DECEMBER"},0),1)-MOD(WEEKDAY(DATE($B$45,MATCH(UPPER($C$45),{"JANUARY","FEBRUARY","MARCH","APRIL","MAY","JUNE","JULY","AUGUST","SEPTEMBER","OCTOBER","NOVEMBER","DECEMBER"},0),1),2)-MATCH(UPPER($E$45),{"MONDAY","TUESDAY","WEDNESDAY","THURSDAY","FRIDAY","SATURDAY","SUNDAY"},0),7)} -> 46230 | C48: =B48+1 -> 46231 | D48: =C48+1 -> 46232 | E48: =D48+1 -> 46233 | F48: =E48+1 -> 46234 | G48: =F48+1 -> 46235 | H48: =G48+1 -> 46236
G49: Sal | H49: Closed
G50: Lauren | H50: Closed
B51: =B48+7 -> 46237 | C51: =C48+7 -> 46238 | D51: =D48+7 -> 46239 | E51: =E48+7 -> 46240 | F51: =F48+7 -> 46241 | G51: =G48+7 -> 46242 | H51: =H48+7 -> 46243
B52: Ontiveros | C52: Ontiveros | D52: Ontiveros | E52: Ontiveros | F52: Sal | G52: Sal | H52: Closed
B53: Katyln | C53: Katyln | D53: Katyln | E53: Katyln | F53: Lauren | G53: Lauren | H53: Closed
B54: =B51+7 -> 46244 | C54: =C51+7 -> 46245 | D54: =D51+7 -> 46246 | E54: =E51+7 -> 46247 | F54: =F51+7 -> 46248 | G54: =G51+7 -> 46249 | H54: =H51+7 -> 46250 | X54: `
B55: Ontiveros | C55: Ontiveros | D55: Ontiveros | E55: Ontiveros | F55: Sal | G55: Sal | H55: Close
B56: Katyln | C56: Katyln | D56: Katyln | E56: Katyln | F56: Lauren | G56: Lauren | H56: Closed
B57: =B54+7 -> 46251 | C57: =C54+7 -> 46252 | D57: =D54+7 -> 46253 | E57: =E54+7 -> 46254 | F57: =F54+7 -> 46255 | G57: =G54+7 -> 46256 | H57: =H54+7 -> 46257
B58: Ontiveros | C58: Ontiveros | D58: Ontiveros | E58: Ontiveros | F58: Sal | G58: Sal | H58: Closed
B59: Katyln | C59: Katyln | D59: Katyln | E59: Katyln | F59: Lauren | G59: Lauren | H59: Closed
B60: =B57+7 -> 46258 | C60: =C57+7 -> 46259 | D60: =D57+7 -> 46260 | E60: =E57+7 -> 46261 | F60: =F57+7 -> 46262 | G60: =G57+7 -> 46263 | H60: =H57+7 -> 46264
B61: Ontiveros | C61: Ontiveros | D61: Ontiveros | E61: Ontiveros | F61: Sal | G61: Sal | H61: Closed
B62: Katyln | C62: Katyln | D62: Katyln | E62: Katyln | F62: Lauren | G62: Lauren | H62: Closed | U62: `
B63: =B60+7 -> 46265 | C63: =C60+7 -> 46266 | D63: =D60+7 -> 46267 | E63: =E60+7 -> 46268 | F63: =F60+7 -> 46269 | G63: =G60+7 -> 46270 | H63: =H60+7 -> 46271
B64: Ontiveros
B65: Lauren

Sheet Marina Del Rey
B1: =YEAR(TODAY()) -> 2026 | C1: JUNE | E1: MONDAY | F1: Location: Marina Del Rey | G1: Lockbox Code: | H1: SWC: Lauren SDC: Dr. Dalton
B2: CALENDAR YEAR | C2: CALENDAR MONTH | E2: FIRST DAY OF WEEK
B3: {=TEXT(B4,"dddd")} -> Monday | C3: =TEXT(C4,"dddd") -> Tuesday | D3: =TEXT(D4,"dddd") -> Wednesday | E3: =TEXT(E4,"dddd") -> Thursday | F3: =TEXT(F4,"dddd") -> Friday | G3: =TEXT(G4,"dddd") -> Saturday | H3: =TEXT(H4,"dddd") -> Sunday
B4: {=DATE($B$1,MATCH(UPPER($C$1),{"JANUARY","FEBRUARY","MARCH","APRIL","MAY","JUNE","JULY","AUGUST","SEPTEMBER","OCTOBER","NOVEMBER","DECEMBER"},0),1)-MOD(WEEKDAY(DATE($B$1,MATCH(UPPER($C$1),{"JANUARY","FEBRUARY","MARCH","APRIL","MAY","JUNE","JULY","AUGUST","SEPTEMBER","OCTOBER","NOVEMBER","DECEMBER"},0),1),2)-MATCH(UPPER($E$1),{"MONDAY","TUESDAY","WEDNESDAY","THURSDAY","FRIDAY","SATURDAY","SUNDAY"},0),7)} -> 46174 | C4: =B4+1 -> 46175 | D4: =C4+1 -> 46176 | E4: =D4+1 -> 46177 | F4: =E4+1 -> 46178 | G4: =F4+1 -> 46179 | H4: =G4+1 -> 46180
B5: Mazhar | C5: Mazhar | D5: Mazhar | E5: Mazhar | F5: Mazhar | G5: Closed | H5: Closed
B6: Calin | C6: Calin | D6: Calin | E6: Calin | F6: Calin | G6: Closed | H6: Closed
B7: {=B4+7} -> 46181 | C7: =C4+7 -> 46182 | D7: =D4+7 -> 46183 | E7: =E4+7 -> 46184 | F7: =F4+7 -> 46185 | G7: =G4+7 -> 46186 | H7: =H4+7 -> 46187
B8: Mazhar | C8: Mazhar | D8: Mazhar | E8: Mazhar | F8: Mazhar | G8: Closed | H8: Closed
B9: Calin | C9: Calin | D9: Calin | E9: Calin | F9: Calin | G9: Closed | H9: Closed
B10: {=B7+7} -> 46188 | C10: =C7+7 -> 46189 | D10: =D7+7 -> 46190 | E10: =E7+7 -> 46191 | F10: =F7+7 -> 46192 | G10: =G7+7 -> 46193 | H10: =H7+7 -> 46194 | X10: `
B11: Mazhar | C11: Mazhar | D11: Mazhar | E11: Mazhar | F11: Mazhar | G11: Closed | H11: Closed
B12: Calin | C12: Calin | D12: Calin | E12: Calin | F12: Calin | G12: Closed | H12: Closed
B13: {=B10+7} -> 46195 | C13: =C10+7 -> 46196 | D13: =D10+7 -> 46197 | E13: =E10+7 -> 46198 | F13: =F10+7 -> 46199 | G13: =G10+7 -> 46200 | H13: =H10+7 -> 46201
B14: Mazhar | C14: Mazhar | D14: Mazhar | E14: Mazhar | F14: Mazhar | G14: Closed | H14: Closed
B15: Calin | C15: Calin | D15: Calin | E15: Calin | F15: Calin | G15: Closed | H15: Closed
B16: {=B13+7} -> 46202 | C16: =C13+7 -> 46203 | D16: =D13+7 -> 46204 | E16: =E13+7 -> 46205 | F16: =F13+7 -> 46206 | G16: =G13+7 -> 46207 | H16: =H13+7 -> 46208
B17: Mazhar | C17: Mazhar | G17: Closed | H17: Closed
B18: Calin | C18: Calin | G18: Closed | H18: Closed | U18: `
B19: {=B16+7} -> 46209 | C19: =C16+7 -> 46210 | D19: =D16+7 -> 46211 | E19: =E16+7 -> 46212 | F19: =F16+7 -> 46213 | G19: =G16+7 -> 46214 | H19: =H16+7 -> 46215
B23: =YEAR(TODAY()) -> 2026 | C23: JULY | E23: MONDAY | F23: Location: Marina Del Rey | G23: Lockbox Code: | H23: SWC: Lauren SDC: Dr. Dalton
B24: CALENDAR YEAR | C24: CALENDAR MONTH | E24: FIRST DAY OF WEEK
B25: =TEXT(B26,"dddd") -> Monday | C25: =TEXT(C26,"dddd") -> Tuesday | D25: =TEXT(D26,"dddd") -> Wednesday | E25: =TEXT(E26,"dddd") -> Thursday | F25: =TEXT(F26,"dddd") -> Friday | G25: =TEXT(G26,"dddd") -> Saturday | H25: =TEXT(H26,"dddd") -> Sunday
B26: {=DATE($B$23,MATCH(UPPER($C$23),{"JANUARY","FEBRUARY","MARCH","APRIL","MAY","JUNE","JULY","AUGUST","SEPTEMBER","OCTOBER","NOVEMBER","DECEMBER"},0),1)-MOD(WEEKDAY(DATE($B$23,MATCH(UPPER($C$23),{"JANUARY","FEBRUARY","MARCH","APRIL","MAY","JUNE","JULY","AUGUST","SEPTEMBER","OCTOBER","NOVEMBER","DECEMBER"},0),1),2)-MATCH(UPPER($E$23),{"MONDAY","TUESDAY","WEDNESDAY","THURSDAY","FRIDAY","SATURDAY","SUNDAY"},0),7)} -> 46202 | C26: =B26+1 -> 46203 | D26: =C26+1 -> 46204 | E26: =D26+1 -> 46205 | F26: =E26+1 -> 46206 | G26: =F26+1 -> 46207 | H26: =G26+1 -> 46208
D27: Mazhar | E27: Mazhar | F27: Mazhar | G27: Closed | H27: Closed
D28: Calin | E28: Calin | F28: Calin | G28: Closed | H28: Closed
B29: =B26+7 -> 46209 | C29: =C26+7 -> 46210 | D29: =D26+7 -> 46211 | E29: =E26+7 -> 46212 | F29: =F26+7 -> 46213 | G29: =G26+7 -> 46214 | H29: =H26+7 -> 46215
B30: Mazhar | C30: Mazhar | D30: Mazhar | E30: Mazhar | F30: Mazhar | G30: Closed | H30: Closed
B31: Calin | C31: Calin | D31: Calin | E31: Calin | F31: Calin | G31: Closed | H31: Closed
B32: =B29+7 -> 46216 | C32: =C29+7 -> 46217 | D32: =D29+7 -> 46218 | E32: =E29+7 -> 46219 | F32: =F29+7 -> 46220 | G32: =G29+7 -> 46221 | H32: =H29+7 -> 46222 | X32: `
B33: Mazhar | C33: Mazhar | D33: Mazhar | E33: Mazhar | F33: Mazhar | G33: Closed | H33: Closed
B34: Calin | C34: Calin | D34: Calin | E34: Calin | F34: Calin | G34: Closed | H34: Closed
B35: =B32+7 -> 46223 | C35: =C32+7 -> 46224 | D35: =D32+7 -> 46225 | E35: =E32+7 -> 46226 | F35: =F32+7 -> 46227 | G35: =G32+7 -> 46228 | H35: =H32+7 -> 46229
B36: Mazhar | C36: Mazhar | D36: Mazhar | E36: Mazhar | F36: Mazhar | G36: Closed | H36: Closed
B37: Calin | C37: Calin | D37: June | E37: Calin | F37: Calin | G37: Closed | H37: Closed
B38: =B35+7 -> 46230 | C38: =C35+7 -> 46231 | D38: =D35+7 -> 46232 | E38: =E35+7 -> 46233 | F38: =F35+7 -> 46234 | G38: =G35+7 -> 46235 | H38: =H35+7 -> 46236
B39: Mazhar | C39: Mazhar | D39: Mazhar | E39: Mazhar | F39: Mazhar
B40: Calin | C40: Calin | D40: Calin | E40: Calin | F40: Calin | U40: `
B41: =B38+7 -> 46237 | C41: =C38+7 -> 46238 | D41: =D38+7 -> 46239 | E41: =E38+7 -> 46240 | F41: =F38+7 -> 46241 | G41: =G38+7 -> 46242 | H41: =H38+7 -> 46243
B45: =YEAR(TODAY()) -> 2026 | C45: AUGUST | E45: MONDAY | F45: Location: Marina Del Rey | G45: Lockbox Code: | H45: SWC: Lauren SDC: Dr. Dalton
B46: CALENDAR YEAR | C46: CALENDAR MONTH | E46: FIRST DAY OF WEEK
B47: =TEXT(B48,"dddd") -> Monday | C47: =TEXT(C48,"dddd") -> Tuesday | D47: =TEXT(D48,"dddd") -> Wednesday | E47: =TEXT(E48,"dddd") -> Thursday | F47: =TEXT(F48,"dddd") -> Friday | G47: =TEXT(G48,"dddd") -> Saturday | H47: =TEXT(H48,"dddd") -> Sunday
B48: {=DATE($B$45,MATCH(UPPER($C$45),{"JANUARY","FEBRUARY","MARCH","APRIL","MAY","JUNE","JULY","AUGUST","SEPTEMBER","OCTOBER","NOVEMBER","DECEMBER"},0),1)-MOD(WEEKDAY(DATE($B$45,MATCH(UPPER($C$45),{"JANUARY","FEBRUARY","MARCH","APRIL","MAY","JUNE","JULY","AUGUST","SEPTEMBER","OCTOBER","NOVEMBER","DECEMBER"},0),1),2)-MATCH(UPPER($E$45),{"MONDAY","TUESDAY","WEDNESDAY","THURSDAY","FRIDAY","SATURDAY","SUNDAY"},0),7)} -> 46230 | C48: =B48+1 -> 46231 | D48: =C48+1 -> 46232 | E48: =D48+1 -> 46233 | F48: =E48+1 -> 46234 | G48: =F48+1 -> 46235 | H48: =G48+1 -> 46236
G49: Closed | H49: Closed
G50: Closed | H50: Closed
B51: =B48+7 -> 46237 | C51: =C48+7 -> 46238 | D51: =D48+7 -> 46239 | E51: =E48+7 -> 46240 | F51: =F48+7 -> 46241 | G51: =G48+7 -> 46242 | H51: =H48+7 -> 46243
B52: Mazhar | C52: Mazhar | D52: Mazhar | E52: Mazhar | F52: Mazhar | G52: Closed | H52: Closed
B53: Calin | C53: Calin | D53: Calin | E53: Calin | F53: Calin | G53: Closed | H53: Closed
B54: =B51+7 -> 46244 | C54: =C51+7 -> 46245 | D54: =D51+7 -> 46246 | E54: =E51+7 -> 46247 | F54: =F51+7 -> 46248 | G54: =G51+7 -> 46249 | H54: =H51+7 -> 46250 | X54: `
B55: Mazhar | C55: Mazhar | D55: Mazhar | E55: Mazhar | F55: Mazhar | G55: Closed | H55: Closed
B56: Calin | C56: Calin | D56: Calin | E56: Calin | F56: Calin | G56: Closed | H56: Closed
B57: =B54+7 -> 46251 | C57: =C54+7 -> 46252 | D57: =D54+7 -> 46253 | E57: =E54+7 -> 46254 | F57: =F54+7 -> 46255 | G57: =G54+7 -> 46256 | H57: =H54+7 -> 46257
B58: Mazhar | C58: Mazhar | D58: Mazhar | E58: Mazhar | F58: Mazhar | G58: Closed | H58: Closed
B59: Calin | C59: Calin | D59: Calin | E59: Calin | F59: Calin | G59: Closed | H59: Closed
B60: =B57+7 -> 46258 | C60: =C57+7 -> 46259 | D60: =D57+7 -> 46260 | E60: =E57+7 -> 46261 | F60: =F57+7 -> 46262 | G60: =G57+7 -> 46263 | H60: =H57+7 -> 46264
B61: Mazhar | C61: Mazhar | D61: Mazhar | E61: Mazhar | F61: Mazhar | G61: Closed | H61: Closed
B62: Calin | C62: Calin | D62: Calin | E62: Calin | F62: Calin | G62: Closed | H62: Closed | U62: `
B63: =B60+7 -> 46265 | C63: =C60+7 -> 46266 | D63: =D60+7 -> 46267 | E63: =E60+7 -> 46268 | F63: =F60+7 -> 46269 | G63: =G60+7 -> 46270 | H63: =H60+7 -> 46271
B64: Mazhar
B65: Calin

Sheet Monterey Park
B1: =YEAR(TODAY()) -> 2026 | C1: JUNE | E1: MONDAY | F1: Location: Monterey Park | G1: Lockbox Code: | H1: SWC: Lauren SDC: Dr. Dalton | T1: x
B2: CALENDAR YEAR | C2: CALENDAR MONTH | E2: FIRST DAY OF WEEK
B3: {=TEXT(B4,"dddd")} -> Monday | C3: =TEXT(C4,"dddd") -> Tuesday | D3: =TEXT(D4,"dddd") -> Wednesday | E3: =TEXT(E4,"dddd") -> Thursday | F3: =TEXT(F4,"dddd") -> Friday | G3: =TEXT(G4,"dddd") -> Saturday | H3: =TEXT(H4,"dddd") -> Sunday
B4: {=DATE($B$1,MATCH(UPPER($C$1),{"JANUARY","FEBRUARY","MARCH","APRIL","MAY","JUNE","JULY","AUGUST","SEPTEMBER","OCTOBER","NOVEMBER","DECEMBER"},0),1)-MOD(WEEKDAY(DATE($B$1,MATCH(UPPER($C$1),{"JANUARY","FEBRUARY","MARCH","APRIL","MAY","JUNE","JULY","AUGUST","SEPTEMBER","OCTOBER","NOVEMBER","DECEMBER"},0),1),2)-MATCH(UPPER($E$1),{"MONDAY","TUESDAY","WEDNESDAY","THURSDAY","FRIDAY","SATURDAY","SUNDAY"},0),7)} -> 46174 | C4: =B4+1 -> 46175 | D4: =C4+1 -> 46176 | E4: =D4+1 -> 46177 | F4: =E4+1 -> 46178 | G4: =F4+1 -> 46179 | H4: =G4+1 -> 46180
B5: Cortez | C5: Cortez | D5: Keenan | E5: Cortez | F5: Keenan | G5: Keenan | H5: Closed
B6: Ashley | C6: Ashley | D6: Lorraine | E6: Ashley | F6: Lorraine | G6: Lorraine | H6: Closed
B7: {=B4+7} -> 46181 | C7: =C4+7 -> 46182 | D7: =D4+7 -> 46183 | E7: =E4+7 -> 46184 | F7: =F4+7 -> 46185 | G7: =G4+7 -> 46186 | H7: =H4+7 -> 46187
B8: Cortez | C8: Cortez | D8: Keenan | E8: Cortez | F8: Keenan | G8: Keenan | H8: Closed
B9: Ashley | C9: Ashley | D9: Ashley | E9: Ashley | F9: Ashley | G9: Lorraine | H9: Closed
B10: {=B7+7} -> 46188 | C10: =C7+7 -> 46189 | D10: =D7+7 -> 46190 | E10: =E7+7 -> 46191 | F10: =F7+7 -> 46192 | G10: =G7+7 -> 46193 | H10: =H7+7 -> 46194 | X10: `
B11: Cortez | C11: Cortez | D11: Keenan | E11: Cortez | F11: Keenan | G11: Keenan | H11: Closed
B12: Ashley | C12: Ashley | D12: Ashley | E12: Ashley | F12: Ashley | G12: Lorraine | H12: Closed
B13: {=B10+7} -> 46195 | C13: =C10+7 -> 46196 | D13: =D10+7 -> 46197 | E13: =E10+7 -> 46198 | F13: =F10+7 -> 46199 | G13: =G10+7 -> 46200 | H13: =H10+7 -> 46201
B14: Cortez | C14: Cortez | D14: Keenan | E14: Cortez | F14: Keenan | G14: Keenan | H14: Closed
B15: Ashley | C15: Ashley | D15: Ashley | E15: Ashley | F15: Ashley | G15: Lorraine | H15: Closed
B16: {=B13+7} -> 46202 | C16: =C13+7 -> 46203 | D16: =D13+7 -> 46204 | E16: =E13+7 -> 46205 | F16: =F13+7 -> 46206 | G16: =G13+7 -> 46207 | H16: =H13+7 -> 46208
B17: Cortez | C17: Cortez | H17: Closed
B18: Ashley | C18: Ashley | H18: Closed | U18: `
B19: {=B16+7} -> 46209 | C19: =C16+7 -> 46210 | D19: =D16+7 -> 46211 | E19: =E16+7 -> 46212 | F19: =F16+7 -> 46213 | G19: =G16+7 -> 46214 | H19: =H16+7 -> 46215
B23: =YEAR(TODAY()) -> 2026 | C23: JULY | E23: MONDAY | F23: Location: Monterey Park | G23: Lockbox Code: | H23: SWC: Lauren SDC: Dr. Dalton | T23: x
B24: CALENDAR YEAR | C24: CALENDAR MONTH | E24: FIRST DAY OF WEEK
B25: =TEXT(B26,"dddd") -> Monday | C25: =TEXT(C26,"dddd") -> Tuesday | D25: =TEXT(D26,"dddd") -> Wednesday | E25: =TEXT(E26,"dddd") -> Thursday | F25: =TEXT(F26,"dddd") -> Friday | G25: =TEXT(G26,"dddd") -> Saturday | H25: =TEXT(H26,"dddd") -> Sunday
B26: {=DATE($B$23,MATCH(UPPER($C$23),{"JANUARY","FEBRUARY","MARCH","APRIL","MAY","JUNE","JULY","AUGUST","SEPTEMBER","OCTOBER","NOVEMBER","DECEMBER"},0),1)-MOD(WEEKDAY(DATE($B$23,MATCH(UPPER($C$23),{"JANUARY","FEBRUARY","MARCH","APRIL","MAY","JUNE","JULY","AUGUST","SEPTEMBER","OCTOBER","NOVEMBER","DECEMBER"},0),1),2)-MATCH(UPPER($E$23),{"MONDAY","TUESDAY","WEDNESDAY","THURSDAY","FRIDAY","SATURDAY","SUNDAY"},0),7)} -> 46202 | C26: =B26+1 -> 46203 | D26: =C26+1 -> 46204 | E26: =D26+1 -> 46205 | F26: =E26+1 -> 46206 | G26: =F26+1 -> 46207 | H26: =G26+1 -> 46208
D27: Keenan | E27: Cortez | F27: Keenan | G27: Keenan | H27: Closed
D28: Ashley | E28: Ashley | F28: Ashley | G28: Lorraine | H28: Closed
B29: =B26+7 -> 46209 | C29: =C26+7 -> 46210 | D29: =D26+7 -> 46211 | E29: =E26+7 -> 46212 | F29: =F26+7 -> 46213 | G29: =G26+7 -> 46214 | H29: =H26+7 -> 46215
B30: Cortez | C30: Cortez | D30: Keenan | E30: Cortez | F30: Keenan | G30: Keenan | H30: Closed
B31: Ashley | C31: Ashley | D31: Ashley | E31: Ashley | F31: Ashley | G31: Lorraine | H31: Closed
B32: =B29+7 -> 46216 | C32: =C29+7 -> 46217 | D32: =D29+7 -> 46218 | E32: =E29+7 -> 46219 | F32: =F29+7 -> 46220 | G32: =G29+7 -> 46221 | H32: =H29+7 -> 46222 | X32: `
B33: Cortez | C33: Cortez | D33: Keenan | E33: Cortez | F33: Keenan | G33: Keenan | H33: Closed
B34: Ashley | C34: Ashley | D34: Ashley | E34: Ashley | F34: Ashley | G34: Lorraine | H34: Closed
B35: =B32+7 -> 46223 | C35: =C32+7 -> 46224 | D35: =D32+7 -> 46225 | E35: =E32+7 -> 46226 | F35: =F32+7 -> 46227 | G35: =G32+7 -> 46228 | H35: =H32+7 -> 46229
B36: Cortez | C36: Cortez | D36: Keenan | E36: Cortez | F36: Keenan | G36: Keenan | H36: Closed
B37: Ashley | C37: Ashley | D37: Ashley | E37: Ashley | F37: Ashley | G37: Lorraine | H37: Closed
B38: =B35+7 -> 46230 | C38: =C35+7 -> 46231 | D38: =D35+7 -> 46232 | E38: =E35+7 -> 46233 | F38: =F35+7 -> 46234 | G38: =G35+7 -> 46235 | H38: =H35+7 -> 46236
B39: Cortez | C39: Cortez | D39: Keenan | E39: Cortez | F39: Keenan
B40: Ashley | C40: Ashley | D40: Ashley | E40: Ashley | F40: Ashley | U40: `
B41: =B38+7 -> 46237 | C41: =C38+7 -> 46238 | D41: =D38+7 -> 46239 | E41: =E38+7 -> 46240 | F41: =F38+7 -> 46241 | G41: =G38+7 -> 46242 | H41: =H38+7 -> 46243
B45: =YEAR(TODAY()) -> 2026 | C45: AUGUST | E45: MONDAY | F45: Location: Monterey Park | G45: Lockbox Code: | H45: SWC: Lauren SDC: Dr. Dalton | T45: x
B46: CALENDAR YEAR | C46: CALENDAR MONTH | E46: FIRST DAY OF WEEK
B47: =TEXT(B48,"dddd") -> Monday | C47: =TEXT(C48,"dddd") -> Tuesday | D47: =TEXT(D48,"dddd") -> Wednesday | E47: =TEXT(E48,"dddd") -> Thursday | F47: =TEXT(F48,"dddd") -> Friday | G47: =TEXT(G48,"dddd") -> Saturday | H47: =TEXT(H48,"dddd") -> Sunday
B48: {=DATE($B$45,MATCH(UPPER($C$45),{"JANUARY","FEBRUARY","MARCH","APRIL","MAY","JUNE","JULY","AUGUST","SEPTEMBER","OCTOBER","NOVEMBER","DECEMBER"},0),1)-MOD(WEEKDAY(DATE($B$45,MATCH(UPPER($C$45),{"JANUARY","FEBRUARY","MARCH","APRIL","MAY","JUNE","JULY","AUGUST","SEPTEMBER","OCTOBER","NOVEMBER","DECEMBER"},0),1),2)-MATCH(UPPER($E$45),{"MONDAY","TUESDAY","WEDNESDAY","THURSDAY","FRIDAY","SATURDAY","SUNDAY"},0),7)} -> 46230 | C48: =B48+1 -> 46231 | D48: =C48+1 -> 46232 | E48: =D48+1 -> 46233 | F48: =E48+1 -> 46234 | G48: =F48+1 -> 46235 | H48: =G48+1 -> 46236
G49: Keenan | H49: Closed
G50: Lorraine | H50: Closed
B51: =B48+7 -> 46237 | C51: =C48+7 -> 46238 | D51: =D48+7 -> 46239 | E51: =E48+7 -> 46240 | F51: =F48+7 -> 46241 | G51: =G48+7 -> 46242 | H51: =H48+7 -> 46243
B52: Cortez | C52: Cortez | D52: Keenan | E52: Cortez | F52: Keenan | G52: Keenan | H52: Closed
B53: Ashley | C53: Ashley | D53: Ashley | E53: Ashley | F53: Ashley | G53: Lorraine | H53: Closed
B54: =B51+7 -> 46244 | C54: =C51+7 -> 46245 | D54: =D51+7 -> 46246 | E54: =E51+7 -> 46247 | F54: =F51+7 -> 46248 | G54: =G51+7 -> 46249 | H54: =H51+7 -> 46250 | X54: `
B55: Cortez | C55: Cortez | D55: Keenan | E55: Cortez | F55: Keenan | G55: Keenan | H55: Closed
B56: Ashley | C56: Ashley | D56: Ashley | E56: Ashley | F56: Ashley | G56: Lorraine | H56: Closed
B57: =B54+7 -> 46251 | C57: =C54+7 -> 46252 | D57: =D54+7 -> 46253 | E57: =E54+7 -> 46254 | F57: =F54+7 -> 46255 | G57: =G54+7 -> 46256 | H57: =H54+7 -> 46257
B58: Cortez | C58: Cortez | D58: Keenan | E58: Cortez | F58: Keenan | G58: Keenan | H58: Closed
B59: Ashley | C59: Ashley | D59: Ashley | E59: Ashley | F59: Ashley | G59: Lorraine | H59: Closed
B60: =B57+7 -> 46258 | C60: =C57+7 -> 46259 | D60: =D57+7 -> 46260 | E60: =E57+7 -> 46261 | F60: =F57+7 -> 46262 | G60: =G57+7 -> 46263 | H60: =H57+7 -> 46264
B61: Cortez | C61: Cortez | D61: Keenan | E61: Cortez | F61: Keenan | G61: Keenan | H61: Closed
B62: Ashley | C62: Ashley | D62: Ashley | E62: Ashley | F62: Ashley | G62: Lorraine | H62: Closed | U62: `
B63: =B60+7 -> 46265 | C63: =C60+7 -> 46266 | D63: =D60+7 -> 46267 | E63: =E60+7 -> 46268 | F63: =F60+7 -> 46269 | G63: =G60+7 -> 46270 | H63: =H60+7 -> 46271
B64: Cortez
B65: Ashley

Sheet Lists
A1: Locations | B1: Months | C1: Week Start | D1: Status Options | E1: Dashboard Grouping Rules
A2: Eastvale | B2: JANUARY | C2: MONDAY | D2: Scheduled | E2: Closed = any cell containing Closed
A3: La Verne | B3: FEBRUARY | C3: TUESDAY | D3: Closed | E3: Call Off's = Coverage Needed, No DC, No WC, No W/C, WC Needed, DC Coverage Needed
A4: Moreno Valley | B4: MARCH | C4: WEDNESDAY | D4: Call Off's | E4: PTO = PTO or off text
A5: Redlands | B5: APRIL | C5: THURSDAY | D5: PTO | E5: Training = training text
A6: Rialto | B6: MAY | C6: FRIDAY | D6: Training | E6: Scheduled = nonblank schedule cell not matching above
A7: So Co | B7: JUNE | C7: SATURDAY | D7: Blank | E7: Blank = empty schedule cell
A8: Winery | B8: JULY | C8: SUNDAY
A9: Azusa | B9: AUGUST
A10: Mission Hills | B10: SEPTEMBER
A11: Northridge | B11: OCTOBER
A12: Porter Ranch | B12: NOVEMBER
A13: Valencia | B13: DECEMBER
A14: West Covina
A15: Woodland Hills
A16: NoHo West
A17: Burbank
A18: Van Nuys
A19: Torrance
A20: Sunset Galleria
A21: Lakewood
A22: Marina Del Rey
A23: Monterey

Sheet Location Info
